駅コード	駅名	備考
00f0	札幌市内	#unused
00f1	仙台市内	#unused
00f2	東京都区内	#unused
00f3	東京山手線内	#unused
00f4	横浜市内	#unused
00f6	名古屋市内	#unused
00f7	京都市内	#unused
00f8	大阪市内	#unused
00f9	神戸市内	#unused
00fb	広島市内	#unused
00fd	福岡市内	#unused
00fe	北九州市内	#unused
0101	東京	
0102	有楽町	
0103	新橋	
0104	浜松町	
0105	田町	2020-03-13/
0106	高輪ゲートウェイ	2020-03-13/田町
0107	品川	
0108	大井町	
0109	大森	
010b	蒲田	
010d	川崎	
010e	鶴見	
0110	新子安	
0111	東神奈川	
0112	横浜	
0114	保土ケ谷	
0115	東戸塚	
0116	戸塚	
0118	大船	
0119	藤沢	
011a	辻堂	
011b	茅ケ崎	
011d	平塚	
011e	大磯	
0120	二宮	
0121	国府津	
0122	鴨宮	
0123	小田原	
0125	早川	
0126	根府川	
0128	真鶴	
0129	湯河原	
012b	熱海	
0133	函南	
0135	三島	
0137	沼津	
0138	片浜	
0139	原	
013b	東田子の浦	
013c	吉原	
013e	富士	
0140	富士川	
0141	新蒲原	
0142	蒲原	
0143	由比	
0145	興津	
0147	清水	
0149	草薙	
014b	東静岡	
014c	静岡	
014e	安倍川	
014f	用宗	
0151	焼津	
0152	西焼津	
0153	藤枝	
0155	六合	
0156	島田	
0158	金谷	
015a	菊川	
015c	掛川	
015d	愛野	
015e	袋井	
0160	磐田	
0161	豊田町	
0162	天竜川	
0164	浜松	
0166	高塚	
0168	舞阪	
0169	弁天島	
016a	新居町	
016b	鷲津	
016d	新所原	
016e	二川	
0170	豊橋	
0172	西小坂井	
0173	愛知御津	
0174	三河大塚	
0175	三河三谷	
0176	蒲郡	
0177	三河塩津	
0178	三ケ根	
0179	幸田	
017c	岡崎	
017d	西岡崎	
017e	安城	
017f	三河安城	
0180	東刈谷	
0181	野田新町	
0182	刈谷	
0183	逢妻	
0184	大府	
0186	共和	
0187	南大高	
0188	大高	
018a	笠寺	
018c	熱田	
018d	金山	
018e	尾頭橋	
0190	名古屋	
0192	枇杷島	
0194	清洲	
0196	稲沢	
0199	尾張一宮	
019b	木曽川	
019e	岐阜	
019f	西岐阜	
01a1	穂積	
01a3	大垣	
01a6	垂井	
01a8	関ケ原	
01aa	柏原	
01ab	近江長岡	
01ad	醒ケ井	
01af	米原	
01b1	彦根	
01b2	南彦根	
01b3	河瀬	
01b5	稲枝	
01b6	能登川	
01b8	安土	
01ba	近江八幡	
01bc	篠原	
01be	野洲	
01c0	守山	
01c1	栗東	
01c2	草津	
01c3	南草津	
01c5	瀬田	
01c6	石山	
01c7	膳所	
01c8	大津	
01ca	山科	
01cc	京都	
01cd	西大路	
01cf	桂川	
01d0	向日町	
01d2	長岡京	
01d5	山崎	
01d6	島本	
01d8	高槻	
01db	摂津富田	
01dc	JR総持寺	2018-03-17/
01dd	茨木	
01e0	千里丘	
01e1	岸辺	
01e2	吹田	
01e5	東淀川	
01e6	新大阪	
01e8	大阪	
01ea	塚本	
01ec	尼崎	
01ee	立花	
01ef	甲子園口	
01f1	西宮	
01f2	さくら夙川	
01f3	芦屋	
01f4	甲南山手	
01f6	摂津本山	
01f7	住吉	
01f8	六甲道	
01f9	摩耶	2016-03-25/東灘(信)
01fa	灘	
01fb	三ノ宮	
01fc	元町	
01fd	神戸	
0201	東京	#unused
0202	神田	
0203	秋葉原	
0204	御徒町	
0206	上野	
0207	鴬谷	
0208	日暮里	
0209	西日暮里	
020b	田端	
020c	上中里	
020d	王子	
020e	東十条	
0210	赤羽	
0211	川口	
0212	西川口	
0213	蕨	
0215	南浦和	
0216	浦和	
0217	北浦和	
0218	与野	
0219	さいたま新都心	
021a	大宮	
021b	土呂	
021c	東大宮	
021e	蓮田	
0220	白岡	
0221	新白岡	
0222	久喜	
0223	東鷲宮	
0224	栗橋	
0226	古河	
0227	野木	
0228	間々田	
022a	小山	
022c	小金井	
022d	自治医大	
022e	石橋	
0230	雀宮	
0232	宇都宮	
0234	岡本	
0235	宝積寺	
0236	氏家	
0237	蒲須坂	
0239	片岡	
023a	矢板	
023b	野崎	
023c	西那須野	
023e	那須塩原	
023f	黒磯	
0240	高久	
0241	黒田原	
0243	豊原	
0244	白坂	
0245	新白河	
0246	白河	
0248	久田野	
0249	泉崎	
024a	矢吹	
024b	鏡石	
024d	須賀川	
024e	安積永盛	
024f	郡山	
0250	日和田	
0252	五百川	
0253	本宮	
0254	杉田	
0255	二本松	
0257	安達	
0258	松川	
0259	金谷川	
025b	南福島	
025c	福島	
025e	東福島	
025f	伊達	
0260	桑折	
0261	藤田	
0263	貝田	
0264	越河	
0266	白石	
0267	東白石	
0268	北白川	
0269	大河原	
026b	船岡	
026c	槻木	
026d	岩沼	
026e	館腰	
026f	名取	
0270	南仙台	
0271	太子堂	
0272	長町	
0273	仙台	
0275	東仙台	
0276	岩切	
0277	陸前山王	
0278	国府多賀城	
0279	塩釜	
027a	松島	
027b	愛宕	
027c	品井沼	
027e	鹿島台	
027f	松山町	
0280	小牛田	
0282	田尻	
0284	瀬峰	
0285	梅ケ沢	
0286	新田	
0288	石越	
0289	油島	
028a	花泉	
028b	清水原	
028d	有壁	
028f	一ノ関	
0290	山ノ目	
0291	平泉	
0292	前沢	
0294	陸中折居	
0295	水沢	
0296	金ケ崎	
0297	六原	
0299	北上	
029a	村崎野	
029b	花巻	
029c	花巻空港	
029d	石鳥谷	
029e	日詰	
029f	紫波中央	
02a0	古館	
02a1	矢幅	
02a3	岩手飯岡	
02a4	仙北町	
02a5	盛岡	
02a6	廚川	?
02a8	滝沢	?
02a9	渋民	?
02aa	好摩	?
02ab	岩手川口	?
02ad	いわて沼宮内	
02ae	御堂	?
02af	奥中山	?
02b0	小繋	?
02b2	小鳥谷	?
02b3	一戸	?
02b4	二戸	
02b5	斗米	?
02b7	金田一温泉	?
02b8	目時	?
02b9	三戸	?
02ba	諏訪ノ平	?
02bc	剣吉	?
02bd	苫米地	?
02be	北高岩	?
02bf	八戸	
02c1	陸奥市川	?
02c2	下田	?
02c3	向山	?
02c4	三沢	?
02c6	小川原	?
02c7	上北町	?
02c8	乙供	?
02c9	千曳	?
02ca	七戸十和田	
02cb	野辺地	?
02cc	狩湯沢	?
02cd	清水川	?
02ce	小湊	?
02d0	西平内	?
02d1	浅虫温泉	?
02d2	野内	?
02d4	矢田前	?
02d5	小柳	?
02d6	東青森	?
02d8	青森	
02fc	携帯端末	*
02fd	モバイルSuica	*
02fe	Suicaインターネットサービス	*
02ff	臨時窓口	*
0301	東京	#unused
0302	神田	#unused
0303	御茶ノ水	
0304	水道橋	
0306	飯田橋	
0307	市ケ谷	
0308	四ツ谷	
0309	信濃町	
030b	千駄ケ谷	
030c	代々木	
030d	新宿	
030e	大久保	
0310	東中野	
0311	中野	
0312	高円寺	
0313	阿佐ケ谷	
0315	荻窪	
0316	西荻窪	
0317	吉祥寺	
0318	三鷹	
031a	武蔵境	
031b	東小金井	
031c	武蔵小金井	
031d	国分寺	
031f	西国分寺	
0320	国立	
0322	立川	
0324	日野	
0325	豊田	
0327	八王子	
0328	西八王子	
0329	高尾	
032a	相模湖	
032c	藤野	
032d	上野原	
032e	四方津	
032f	梁川	
0331	鳥沢	
0332	猿橋	
0333	大月	
0335	初狩	
0337	笹子	
0339	甲斐大和	
033b	勝沼ぶどう郷	
033c	塩山	
033d	東山梨	
033e	山梨市	
0340	春日居町	
0341	石和温泉	
0342	酒折	
0343	甲府	
0345	竜王	
0346	塩崎	
0347	韮崎	
0348	新府	
0349	穴山	
034b	日野春	
034c	長坂	
034d	小淵沢	
034e	信濃境	
034f	富士見	
0350	すずらんの里	
0351	青柳	
0352	茅野	
0353	上諏訪	
0354	下諏訪	
0355	岡谷	
0358	みどり湖	
035c	塩尻	
035e	洗馬	
035f	日出塩	
0360	贄川	
0361	木曽平沢	
0363	奈良井	
0364	藪原	
0365	宮ノ越	
0366	原野	
0368	木曽福島	
0369	上松	
036a	倉本	
036b	須原	
036d	大桑	
036e	野尻	
036f	十二兼	
0370	南木曽	
0372	田立	
0373	坂下	
0374	落合川	
0375	中津川	
0377	美乃坂本	
0379	恵那	
037b	武並	
037d	釜戸	
037f	瑞浪	
0381	土岐市	
0383	多治見	
0385	古虎渓	
0387	定光寺	
0389	高蔵寺	
038b	神領	
038c	春日井	
038e	勝川	
038f	新守山	
0391	大曽根	
0392	千種	
0393	鶴舞	
0401	大宮	#unused
0403	宮原	
0405	上尾	
0406	北上尾	
0407	桶川	
0409	北本	
040b	鴻巣	
040c	北鴻巣	
040d	吹上	
040e	行田	
040f	熊谷	
0411	籠原	
0412	深谷	
0413	岡部	
0415	本庄	
0416	神保原	
0417	新町	
0419	倉賀野	
041a	高崎	
041b	北高崎	
041c	群馬八幡	
041d	安中	
041e	磯部	
0420	松井田	
0421	西松井田	
0422	横川	
0423	軽井沢	
0425	中軽井沢	
0426	信濃追分	
0427	御代田	
0428	平原	
042a	小諸	
042b	滋野	
042c	田中	
042d	大屋	
042e	上田	
0430	西上田	
0431	坂城	
0432	戸倉	
0433	屋代	
0434	篠ノ井	?
0435	今井	?
0436	川中島	?
0437	安茂里	?
0438	長野	?
0439	北長野	
043a	三才	
043b	豊野	
043c	牟礼	
043d	古間	
043f	黒姫	
0440	妙高高原	
0441	関山	
0442	二本木	
0444	新井	
0445	北新井	
0446	上越妙高	
0447	南高田	
0449	高田	
044a	春日山	
044b	直江津	
044c	黒井	
044e	犀潟	
044f	土底浜	
0450	潟町	
0451	上下浜	
0453	柿崎	
0454	米山	
0455	笠島	
0456	青海川	
0458	鯨波	
0459	柏崎	
045a	茨目	
045b	安田	
045d	北条	
045e	越後広田	
045f	長鳥	
0460	塚山	
0462	越後岩塚	
0463	来迎寺	
0464	前川	
0465	宮内	
0467	長岡	
0468	北長岡	
0469	押切	
046a	見附	
046c	帯織	
046d	東光寺	
046e	三条	
046f	東三条	
0470	燕三条	?
0471	保内	
0472	加茂	
0473	羽生田	
0474	田上	
0476	矢代田	
0477	古津	
0478	新津	
0479	さつき野	
047a	荻川	
047b	亀田	
047c	越後石山	
047d	新潟	
0501	上野	#unused
0502	日暮里	#unused
0503	三河島	
0504	南千住	
0506	北千住	
0507	綾瀬	
0508	亀有	
0509	金町	
050b	松戸	
050c	北松戸	
050d	馬橋	
050e	新松戸	
0510	北小金	
0511	南柏	
0512	柏	
0513	北柏	
0515	我孫子	
0516	天王台	
0518	取手	
051a	藤代	
051b	龍ケ崎市	2020-03-13/佐貫
051d	牛久	
051e	ひたち野うしく	
051f	荒川沖	
0521	土浦	
0523	神立	
0525	高浜	
0526	石岡	
0528	羽鳥	
052a	岩間	
052c	友部	
052d	内原	
052f	赤塚	
0530	偕楽園	#(臨)
0531	水戸	
0533	勝田	
0534	佐和	
0535	東海	
0536	大甕	
0538	常陸多賀	
0539	日立	
053a	小木津	
053b	十王	
053d	高萩	
053e	南中郷	
053f	磯原	
0540	大津港	
0542	勿来	
0543	植田	
0544	泉	
0545	湯本	
0547	内郷	
0548	いわき	
054a	草野	
054b	四ツ倉	
054c	久ノ浜	
054d	末続	
054f	広野	
0550	Jヴィレッジ	2019-04-19/
0551	木戸	
0552	竜田	
0554	富岡	
0556	夜ノ森	
0557	大野	
0559	双葉	
055a	浪江	
055b	桃内	
055c	小高	
055e	磐城太田	
055f	原ノ町	
0561	鹿島	
0563	日立木	
0564	相馬	
0565	駒ケ嶺	
0566	新地	
0568	坂元	
0569	山下	
056a	浜吉田	
056b	亘理	
056c	逢隈	
0601	門司港	
0602	小森江	
0603	門司	
0606	小倉	
0607	西小倉	
0609	九州工大前	
060a	戸畑	
060b	枝光	
060c	スペースワールド	
060d	八幡	
060e	黒崎	
0610	陣原	
0611	折尾	
0612	水巻	
0613	遠賀川	
0615	海老津	
0617	教育大前	
0618	赤間	
0619	東郷	
061a	東福間	
061c	福間	
061d	千鳥	
061e	古賀	
061f	ししぶ	
0620	新宮中央	
0621	福工大前	
0622	九産大前	
0623	香椎	
0624	千早	
0625	箱崎	
0626	吉塚	
0627	博多	
0628	竹下	
0629	笹原	
062a	南福岡	
062b	春日	
062c	大野城	
062d	水城	
062f	都府楼南	
0630	二日市	
0631	天拝山	
0632	原田	
0633	けやき台	
0634	基山	
0635	弥生が丘	
0636	田代	
0637	鳥栖	
0639	肥前旭	
063b	久留米	
063d	荒木	
063f	西牟田	
0641	羽犬塚	
0643	筑後船小屋	
0645	瀬高	
0647	南瀬高	
0649	渡瀬	
064a	吉野	
064b	銀水	
064d	大牟田	
064f	荒尾	
0651	南荒尾	
0653	長洲	
0655	大野下	
0657	玉名	
0659	肥後伊倉	
065b	木葉	
065d	田原坂	
065f	植木	
0661	西里	
0662	崇城大学前	
0663	上熊本	
0665	熊本	
0666	西熊本	2016-03-25/
0667	川尻	
0668	富合	
0669	宇土	
066a	松橋	
066c	小川	
066e	有佐	
0670	千丁	
0671	新八代	
0672	八代	
0691	川内	
0692	隈之城	
0694	木場茶屋	
0696	串木野	
0697	神村学園前	
0698	市来	
069a	湯之元	
069b	東市来	
069d	伊集院	
069f	薩摩松元	
06a0	上伊集院	
06a1	広木	
06a2	鹿児島中央	
06a4	鹿児島	
0701	小倉	#unused
0702	西小倉	#unused
0703	南小倉	
0704	城野	
0705	安部山公園	
0707	下曽根	
0709	朽網	
070b	苅田	
070d	小波瀬西工大前	
070e	行橋	
070f	南行橋	
0711	新田原	
0713	築城	
0715	椎田	
0717	豊前松江	
0719	宇島	
071b	三毛門	?
071c	吉富	?
071d	中津	?
071f	東中津	?
0720	今津	
0721	天津	
0723	豊前善光寺	
0725	柳ケ浦	
0726	豊前長洲	
0728	宇佐	
072a	西屋敷	
072c	立石	
072e	中山香	
0730	杵築	
0732	大神	
0734	日出	
0735	暘谷	
0736	豊後豊岡	
0738	亀川	
0739	別府大学	
073b	別府	
073c	東別府	
073e	西大分	
073f	大分	
0741	牧	
0742	高城	
0743	鶴崎	
0744	大在	
0746	坂ノ市	
0747	幸崎	
0748	佐志生	
0749	下ノ江	
074b	熊崎	
074c	上臼杵	
074d	臼杵	
074e	津久見	
0750	日代	
0751	浅海井	
0752	狩生	
0753	海崎	
0755	佐伯	
0756	上岡	
0757	直見	
0758	直川	
075a	重岡	
075b	宗太郎	
075c	市棚	
075d	北川	
075f	日向長井	
0760	北延岡	
0761	延岡	?
0762	南延岡	
0764	旭ケ丘	
0765	土々呂	
0766	門川	
0767	日向市	
0769	財光寺	
076a	南日向	
076b	美々津	
076c	東都農	
076e	都農	
076f	川南	
0770	高鍋	
0771	日向新富	
0773	佐土原	
0775	日向住吉	
0777	蓮ケ池	
0778	宮崎神宮	
077a	宮崎	
077b	南宮崎	
077c	加納	
077d	清武	
077f	日向沓掛	
0780	田野	
0781	青井岳	
0782	山之口	
0784	餅原	
0785	三股	
0786	都城	
0787	西都城	
0789	五十市	
078a	財部	
078b	北俣	
078c	大隅大川原	
078e	北永野田	
078f	霧島神宮	
0790	国分	
0791	隼人	
0793	加治木	
0794	錦江	
0795	帖佐	
0796	姶良	
0797	重富	
0799	竜ケ水	
079a	仙巌園	#expected
0901	米原	#unused
0902	坂田	
0903	田村	
0904	長浜	
0906	虎姫	
0907	河毛	
0908	高月	
0909	木ノ本	
090b	余呉	
090c	近江塩津	
090d	新疋田	
090f	敦賀	
0910		2024-03-15/南今庄
0911		2024-03-15/今庄
0912		2024-03-15/湯尾
0914		2024-03-15/南条
0915		2024-03-15/王子保
0916		2024-03-15/武生
0917		2024-03-15/鯖江
0918		2024-03-15/越前たけふ
0919		2024-03-15/北鯖江
091a		2024-03-15/大土呂
091b		2024-03-15/越前花堂
091c		2024-03-15/福井
091e		2024-03-15/森田
091f		2024-03-15/春江
0920		2024-03-15/丸岡
0921		2024-03-15/芦原温泉
0923		2024-03-15/細呂木
0924		2024-03-15/牛ノ谷
0925		2024-03-15/大聖寺
0926		2024-03-15/加賀温泉
0928		2024-03-15/動橋
0929		2024-03-15/粟津
092b		2024-03-15/小松
092c		2024-03-15/明峰
092d		2024-03-15/能美根上
092e		2024-03-15/小舞子
0931		2024-03-15/美川
0932		2024-03-15/加賀笠間
0933		2024-03-15/松任
0935		2024-03-15/野々市
0936		2024-03-15/西金沢
0937		2024-03-15/金沢
0941	新高岡	
0942	高岡	
0948	富山	
0951	黒部宇奈月温泉	
095c	糸魚川	
0a01	神戸	#unused
0a02	兵庫	
0a03	新長田	
0a04	鷹取	
0a05	須磨海浜公園	
0a07	須磨	
0a08	塩屋	
0a09	垂水	
0a0a	舞子	
0a0c	朝霧	
0a0d	明石	
0a10	西明石	
0a11	大久保	
0a13	魚住	
0a15	土山	
0a17	東加古川	
0a19	加古川	
0a1b	宝殿	
0a1d	曽根	
0a1e	ひめじ別所	
0a1f	御着	
0a20	東姫路	2016-03-25/
0a21	姫路	
0a23	英賀保	
0a24	はりま勝原	
0a25	網干	
0a27	竜野	
0a28	相生	
0a2a	有年	
0a2b	上郡	
0a2d	三石	
0a2e	吉永	
0a2f	和気	
0a30	熊山	
0a32	万富	
0a34	瀬戸	
0a35	上道	
0a36	東岡山	
0a37	高島	
0a38	西川原	
0a39	岡山	
0a3a	北長瀬	
0a3b	庭瀬	
0a3c	中庄	
0a3e	倉敷	
0a3f	西阿知	
0a41	新倉敷	
0a43	金光	
0a44	鴨方	
0a45	里庄	
0a47	笠岡	
0a48	大門	
0a49	東福山	
0a4a	福山	
0a4c	備後赤坂	
0a4d	松永	
0a4e	東尾道	
0a4f	尾道	
0a51	糸崎	
0a53	三原	
0a56	本郷	
0a58	河内	
0a59	入野	
0a5b	白市	
0a5c	西高屋	
0a5d	西条	
0a5f	八本松	
0a60	瀬野	
0a61	中野東	
0a62	安芸中野	
0a64	海田市	
0a65	向洋	
0a66	天神川	
0a67	広島	
0a68	新白島	
0a69	横川	
0a6a	西広島	
0a6b	新井口	
0a6c	五日市	
0a6e	廿日市	
0a6f	宮内串戸	
0a70	阿品	
0a71	宮島口	
0a72	前空	
0a74	大野浦	
0a76	玖波	
0a78	大竹	
0a79	和木	
0a7a	岩国	
0a7c	南岩国	
0a7d	藤生	
0a7f	通津	
0a80	由宇	
0a82	神代	
0a83	大畠	
0a85	柳井港	
0a86	柳井	
0a88	田布施	
0a89	岩田	
0a8b	島田	
0a8c	光	
0a8e	下松	
0a8f	櫛ケ浜	
0a91	徳山	
0a92	新南陽	
0a93	福川	
0a94	戸田	
0a96	富海	
0a97	防府	
0a98	大道	
0a99	四辻	
0a9b	新山口	
0a9c	嘉川	
0a9d	本由良	
0a9e	厚東	
0aa0	宇部	
0aa1	小野田	
0aa2	厚狭	
0aa3	埴生	
0aa5	小月	
0aa7	長府	
0aaa	新下関	
0aac	幡生	
0aae	下関	
0b01	京都	#unused
0b02	梅小路京都西	2019-03-15/
0b03	丹波口	
0b04	二条	
0b06	円町	
0b07	花園	
0b08	太秦	
0b09	嵯峨嵐山	
0b0b	保津峡	
0b0d	馬堀	
0b0e	亀岡	
0b0f	並河	
0b10	千代川	
0b12	八木	
0b13	吉富	
0b14	園部	
0b16	船岡	
0b17	日吉	
0b18	鍼灸大学前	
0b19	胡麻	
0b1b	下山
0b1d	和知	
0b1e	安栖里	
0b1f	立木	
0b20	山家	
0b22	綾部	
0b23	高津	
0b24	石原	
0b26	福知山	
0b28	上川口	
0b2a	下夜久野	
0b2b	上夜久野	
0b2c	梁瀬	
0b2d	和田山	
0b2f	養父	
0b30	八鹿	
0b31	江原	
0b32	国府	
0b34	豊岡	
0b35	玄武洞	
0b36	城崎温泉	
0b37	竹野	
0b39	佐津	
0b3a	柴山	
0b3b	香住	
0b3c	鎧	
0b3d	餘部	
0b3e	久谷	
0b40	浜坂	
0b41	諸寄	
0b42	居組	
0b43	東浜	
0b45	岩美	
0b46	大岩	
0b47	福部	
0b48	鳥取	
0b4a	湖山	
0b4b	鳥取大学前	
0b4c	末恒	
0b4d	宝木	
0b4e	浜村	
0b4f	青谷	
0b50	泊	
0b51	松崎	
0b52	倉吉	
0b54	下北条	
0b55	由良	
0b56	浦安	
0b57	八橋	
0b59	赤碕	
0b5a	中山口	
0b5b	下市	
0b5c	御来屋	
0b5e	名和	
0b5f	大山口	
0b60	淀江	
0b61	伯耆大山	
0b62	東山公園	
0b63	米子	
0b64	安来	
0b65	荒島	
0b66	揖屋	
0b68	東松江	
0b69	松江	
0b6a	乃木	
0b6b	玉造温泉	
0b6d	来待	
0b6e	宍道	
0b6f	荘原	
0b70	直江	
0b72	出雲市	
0b73	西出雲	
0b74	出雲神西	
0b75	江南	
0b76	小田	
0b77	田儀	
0b78	波根	
0b79	久手	
0b7a	大田市	
0b7c	静間	
0b7d	五十猛	
0b7e	仁万	
0b7f	馬路	
0b81	湯里	
0b82	温泉津	
0b83	石見福光	
0b84	黒松	
0b86	浅利	
0b87	江津	
0b88	都野津	
0b89	敬川	
0b8b	波子	
0b8c	久代	
0b8d	下府	
0b8e	浜田	
0b90	西浜田	
0b91	周布	
0b92	折居	
0b93	三保三隅	
0b95	岡見	
0b96	鎌手	
0b97	石見津田	
0b98	益田	
0b9a	戸田小浜	
0b9b	飯浦	
0b9c	江崎	
0b9d	須佐	
0b9f	宇田郷	
0ba0	木与	
0ba1	奈古	
0ba2	長門大井	
0ba4	越ケ浜	
0ba5	東萩	
0ba6	萩	
0ba7	玉江	
0ba9	三見	
0baa	飯井	
0bab	長門三隅	
0bac	長門市	
0bae	黄波戸	
0baf	長門古市	
0bb0	人丸	
0bb1	伊上	
0bb3	長門粟野	
0bb4	阿川	
0bb5	特牛	
0bb6	滝部	
0bb8	長門二見	
0bb9	宇賀本郷	
0bba	湯玉	
0bbb	小串	
0bbd	川棚温泉	
0bbe	黒井村	
0bbf	梅ケ峠	
0bc0	吉見	
0bc1	福江	
0bc2	安岡	
0bc3	梶栗郷台地	
0bc4	綾羅木	
0c01	大阪	#unused
0c02	天満	
0c03	桜ノ宮	
0c04	京橋	
0c05	大阪城公園	
0c06	森ノ宮	
0c07	玉造	
0c08	鶴橋	
0c09	桃谷	
0c0b	寺田町	
0c0c	天王寺	
0c11	長居	?
0c17	三国ヶ丘	?
0c18	百舌鳥	?
0c19	上野芝	?
0c36	和歌山	
0c37	宮前	
0c38	紀三井寺	
0c39	黒江	
0c3a	海南	
0c3b	冷水浦	
0c3c	加茂郷	
0c3d	下津	
0c3f	初島	
0c40	箕島	
0c41	紀伊宮原	
0c42	藤並	
0c44	湯浅	
0c45	広川ビーチ	
0c46	紀伊由良	
0c47	紀伊内原	
0c49	御坊	
0c4a	道成寺	
0c4b	和佐	
0c4d	稲原	
0c4e	印南	
0c4f	切目	
0c50	岩代	
0c52	南部	
0c53	芳養	
0c54	紀伊田辺	
0c55	紀伊新庄	
0c57	朝来	
0c58	白浜	
0c59	紀伊富田	
0c5a	椿	
0c5c	紀伊日置	
0c5d	周参見	
0c5e	見老津	
0c5f	江住	
0c61	和深	
0c62	田子	
0c63	田並	
0c64	紀伊有田	
0c66	串本	
0c67	紀伊姫	
0c68	古座	
0c69	紀伊田原	
0c6b	紀伊浦神	
0c6c	下里	
0c6d	太地	
0c6e	湯川	
0c70	紀伊勝浦	
0c71	紀伊天満	
0c72	那智	
0c73	宇久井	
0c75	紀伊佐野	
0c76	三輪崎	
0c77	新宮	
0c78	鵜殿	
0c7a	紀伊井田	
0c7b	阿田和	
0c7c	紀伊市木	
0c7d	神志山	
0c7f	有井	
0c80	熊野市	
0c81	大泊	
0c82	波田須	
0c84	新鹿	
0c85	二木島	
0c86	賀田	
0c87	三木里	
0c89	九鬼	
0c8a	大曽根浦	
0c8b	尾鷲	
0c8c	相賀	
0c8e	船津	
0c8f	三野瀬	
0c90	紀伊長島	
0c91	梅ケ谷	
0c93	大内山	
0c94	伊勢柏崎	
0c95	阿曽	
0c96	滝原	
0c98	三瀬谷	
0c99	川添	
0c9a	栃原	
0c9b	佐奈	
0c9d	相可	
0c9e	多気	
0c9f	徳和	
0ca0	松阪	
0ca2	六軒	
0ca3	高茶屋	
0ca4	阿漕	
0ca5	津	
0ca7	一身田	
0ca8	下庄	
0ca9	亀山	
0d01	函館	
0d03	五稜郭	
0d05	桔梗	
0d06	大中山	
0d08	七飯	
0d0c	仁山	
0d0d	大沼	
0d0e	大沼公園	
0d0f	赤井川	
0d11	駒ヶ岳	
0d12		2017-03-03/東山
0d12		2017-03-03/姫川
0d14	森	
0d16		2017-03-03/桂川
0d1a	石倉	
0d1b	落部	
0d1c	野田生	
0d1d	山越	
0d1f	八雲	
0d20	鷲ノ巣(信)	2016-03-25/鷲ノ巣
0d21	山崎	
0d22	黒岩	
0d25	国縫	
0d26		2024-03-15/中ノ沢
0d27	長万部	
0d29	二股	
0d2b	黒松内	
0d2c	熱郛	
0d2e	目名	
0d2f	蘭越	
0d30	昆布	
0d32	ニセコ	
0d33	比羅夫	
0d34	倶知安	
0d35	小沢	
0d37	銀山	
0d38	然別	
0d39	仁木	
0d3a	余市	
0d3c	蘭島	
0d3d	塩谷	
0d3f	小樽	
0d40	南小樽	
0d42	小樽築港	
0d43	朝里	
0d46	銭函	
0d48	ほしみ	
0d49	星置	
0d4a	稲穂	
0d4b	手稲	
0d4d	稲積公園	
0d4e	発寒	
0d4f	発寒中央	
0d50	琴似	
0d52	桑園	
0d53	札幌	
0d54	苗穂	
0d56	白石	
0d58	厚別	
0d59	森林公園	
0d5a	大麻	
0d5c	野幌	
0d5d	高砂	
0d5e	江別	
0d60	豊幌	
0d62	幌向	
0d64	上幌向	
0d66	岩見沢	
0d68	峰延	
0d6a	光珠内	
0d6c	美唄	
0d6e	茶志内	
0d6f	奈井江	
0d70	豊沼	
0d71	砂川	
0d73	滝川	
0d74	江部乙	
0d75	妹背牛	
0d76	深川	
0d78	納内	
0d7a	近文	
0d7c	旭川	
0d7d	新旭川	#unused
0d7e	南永山	
0d7f	東旭川	
0d80		2021-03-12/北日ノ出
0d81	桜岡	
0d83	当麻	
0d84		2021-03-12/将軍山
0d85	伊香牛	
0d86	愛別	
0d88	中愛別	
0d89		2024-03-15/愛山
0d8a	安足間	
0d8b		2021-03-12/東雲
0d8d	上川	
0d92		2016-03-25/上白滝
0d93	白滝	
0d94		2016-03-25/旧白滝
0d95	下白滝(信)	2016-03-25/下白滝
0d96	丸瀬布	
0d98	瀬戸瀬	
0d9a	遠軽	
0d9b	安国	
0d9c		2021-03-12/生野
0d9d	生田原	
0d9e	金華(信)	2016-03-25/金華
0d9f	西留辺蘂	
0da0	留辺蘂	
0da2	相内	
0da3	東相内	
0da4	西北見	
0da6	北見	
0da7	柏陽	
0da8	愛し野	
0da9	端野	
0daa	緋牛内	
0dac	美幌	
0dad	西女満別	
0dae	女満別	
0daf	呼人	
0db1	網走	
0e01	滝川	#unused
0e02	東滝川(信)	2025-03-14/東滝川
0e03	赤平	
0e04	茂尻	
0e06	平岸	
0e07	芦別	
0e08	上芦別	
0e09	野花南	
0e0d	富良野	
0e0e		2024-03-31/布部
0e10		2024-03-31/山部
0e11		2024-03-31/下金山
0e12		2024-03-31/金山
0e13		2024-03-31/東鹿越
0e15		2024-03-31/幾寅
0e16		2024-03-31/落合
0e17	新得	
0e18	十勝清水	
0e1b	御影	
0e1c	芽室	
0e1d	大成	
0e1f	西帯広	
0e20	柏林台	
0e21	帯広	
0e22	札内	
0e25	幕別	
0e26	利別	
0e28	池田	
0e29	十弗	
0e2a	豊頃	
0e2b	新吉野	
0e2d	浦幌	
0e2e	上厚内(信)	2017-03-03/上厚内
0e2f	厚内	
0e33	音別	
0e34	古瀬(信)	2020-03-13/古瀬
0e35	白糠	
0e37	西庶路	
0e38	庶路	
0e39	大楽毛	
0e3a	新大楽毛	
0e3b	新富士	
0e3c	釧路	
0e3e	東釧路	
0e3f	武佐	
0e40	別保	
0e41	上尾幌	
0e43	尾幌	
0e44	門静	
0e45	厚岸	
0e00		2022-03-11/糸魚沢
0e48	茶内	
0e4a	浜中	
0e4b	姉別	
0e4c	厚床	
0e00		2019-03-15/初田牛
0e4f	別当賀	
0e50	落石	
0e51	昆布盛	
0e52	西和田	
0e55		2025-03-14/東根室
0e56	根室	
0ecf	新函館北斗	?
0f01	旭川	#unused
0f02	旭川四条	
0f03	新旭川	
0f05	永山	
0f07	北永山	
0f08		2021-03-12/南比布
0f09	比布	
0f00		2021-03-12/北比布
0f0c	蘭留	
0f0d	塩狩	
0f0e	和寒	
0f10	剣淵	
0f12	士別	
0f13		2021-03-12/下士別
0f14	多寄	
0f15	瑞穂	
0f16	風連	
0f17	名寄高校	2022-03-11/東風連
0f18	名寄	
0f19	日進	
0f00		2021-03-12/北星
0f1d	智恵文	
0f1e	智北	
0f1f		2021-03-12/南美深
0f20	美深	
0f21		2024-03-15/初野
0f22		2021-03-12/紋穂内
0f23		2024-03-15/恩根内
0f24	豊清水(信)	2021-03-12/豊清水
0f25	天塩川温泉	
0f26	咲来	
0f27	音威子府	
0f28	筬島	
0f29	佐久	
0f2b	天塩中川	
0f2e	問寒別
0f2f	糠南
0f31	雄信内(信)	2025-03-14/雄信内
0f32		2021-03-12/安牛
0f33		2025-03-14/南幌延
0f34		2021-03-12/上幌延
0f35	幌延	
0f37	下沼	
0f38	豊富	
0f3b	兜沼	
0f3c	勇知	
0f3e		2025-03-14/抜海
0f3f	南稚内	
0f40	稚内	
1001	高松	
1002	香西	
1003	鬼無	
1004	端岡	
1006	国分	
1007	讃岐府中	
1008	鴨川	
1009	八十場	
100b	坂出	
100c	宇多津	
100d	丸亀	
100e	讃岐塩屋	
1010	多度津	
1011	海岸寺	
1012	津島ノ宮	#(臨)
1013	詫間	
1015	みの	
1016	高瀬	
1017	比地大	
1018	本山	
101a	観音寺	
101b	豊浜	
101c	箕浦	
101d	川之江	
101f	伊予三島	
1020	伊予寒川	
1021	赤星	
1022	伊予土居	
1024	関川	
1025	多喜浜	
1026	新居浜	
1027	中萩	
1029	伊予西条	
102a	石鎚山	
102b	伊予氷見	
102c	伊予小松	
102e	玉之江	
102f	壬生川	
1030	伊予三芳	
1031	伊予桜井	
1033	伊予富田	
1034	今治	
1035	波止浜	
1036	波方	
1038	大西	
1039	伊予亀岡	
103a	菊間	
103b	浅海	
103c	大浦	
103d	伊予北条	
103e	柳原	
103f	粟井	
1040	光洋台	
1041	堀江	
1042	伊予和気	
1043	三津浜	
1044	松山	
1045	市坪	
1046	北伊予	
1047	南伊予	2020-03-13/伊予横田
1048	伊予横田	2020-03-13/鳥ノ木
1049	鳥ノ木	2020-03-13/伊予市
104a	伊予市	2020-03-13/向井原
104b	向井原	
104c	高野川	
104d	伊予上灘	
104e	下灘	
104f	串	
1051	喜多灘	
1052	伊予長浜	
1053	伊予出石	
1054	伊予白滝	
1056	八多喜	
1057	春賀	
1058	五郎	
1059	伊予大洲	
105b	西大洲	
105c	伊予平野	
105d	千丈	
105e	八幡浜	
1060	双岩	
1061	伊予石城	
1062	上宇和	
1063	卯之町	
1065	下宇和	
1066	立間	
1067	伊予吉田	
1068	高光	
106a	北宇和島	
106b	宇和島	
1101	多度津	#unused
1102	金蔵寺	
1103	善通寺	
1104	琴平	
1106	塩入	
1107	黒川	
1108	讃岐財田	
1109	坪尻	
110b	箸蔵	
110c	佃	
110d	阿波池田	
110e	三縄	
1110	祖谷口	
1111	阿波川口	
1112	小歩危	
1113	大歩危	
1115	土佐岩原	
1116	豊永	
1117	大田口	
1118	土佐穴内	
111a	大杉	
111b	土佐北川	
111c	角茂谷	
111d	繁藤	
111f	新改	
1120	土佐山田	
1121	山田西町	
1122	土佐長岡	
1124	後免	
1125	土佐大津	
1126	布師田	
1127	土佐一宮	
1129	薊野	
112a	高知	
112b	入明	
112c	円行寺口	
112d	旭	
112e	高知商業前	
112f	朝倉	
1130	枝川	
1131	伊野	
1132	波川	
1133	小村神社前	
1134	日下	
1135	岡花	
1136	土佐加茂	
1137	西佐川	
1138	佐川	
1139	襟野々	
113a	斗賀野	
113b	吾桑	
113d	多ノ郷	
113e	大間	
113f	須崎	
1140	土佐新荘	
1142	安和	
1143	土佐久礼	
1144	影野	
1145	六反地	
1147	仁井田
1148	窪川	
1181	窪川	
1183	若井	
1201	福島	#unused
1202	笹木野	
1203	庭坂	
1207	板谷	
1208	峠	
120a	大沢	
120c	関根	
120e	米沢	
1210	置賜	
1211	高畠	
1213	赤湯	
1215	中川	
1216	羽前中山	
1218	かみのやま温泉	
1219	茂吉記念館前	
121a	蔵王	
121c	山形	
121d	北山形	
121e	羽前千歳	
121f	南出羽	
1220	漆山	
1221	高擶	
1222	天童南	
1223	天童	
1224	乱川	
1226	神町	
1227	さくらんぼ東根	
1228	東根	
1229	村山	
122b	袖崎	
122c	大石田	
122d	北大石田	
122e	芦沢	
1230	舟形	
1232	新庄	
1234	泉田	
1235	羽前豊里	
1236	真室川	
1237	釜淵	
1239	大滝	
123a	及位	
123b	院内	
123c	横堀	
123e	三関	
123f	上湯沢	
1240	湯沢	
1241	下湯沢	
1243	十文字	
1244	醍醐	
1245	柳田	
1246	横手	
1248	後三年	
1249	飯詰	
124a	大曲	
124b	神宮寺	
124d	刈和野	
124e	峰吉川	
124f	羽後境	
1250	大張野	
1252	和田	
1253	四ツ小屋	
1254	秋田
1255	泉外旭川	2021-03-12/土崎
1256	土崎	2021-03-12/
1257	上飯島	
1258	追分	
1259	大久保	
125a	羽後飯塚	
125b	井川さくら	
125c	八郎潟	
125d	鯉川	
125e	鹿渡	
125f	森岳	
1261	北金岡	
1262	東能代	
1263	鶴形	
1264	富根	
1266	二ツ井	
1267	前山	
1268	鷹ノ巣	
1269	糠沢	
126b	早口	
126c	下川沿	
126d	大館	
126e	白沢	
1270	陣場	
1271	津軽湯の沢	
1272	碇ケ関	
1273	長峰	
1275	大鰐温泉	
1276	石川	
1277	弘前
1278	撫牛子	
127a	川部	
127b	北常盤	
127c	浪岡	
127d	大釈迦	
127f	鶴ケ坂	
1280	津軽新城	
1282	新青森	
1301	新津	#unused
1302	京ケ瀬	
1303	水原	
1304	神山	
1306	月岡	
1307	中浦	
1308	新発田	
1309	加治	
130b	金塚	
130c	中条	
130d	平木田	
130e	坂町	
1310	平林	
1311	岩船町	
1312	村上	
1313	間島	
1315	越後早川	
1316	桑川	
1317	今川	
1318	越後寒川	
131a	勝木	
131b	府屋	
131c	鼠ケ関	
131d	小岩川	
131f	あつみ温泉	
1320	五十川	
1321	小波渡	
1322	三瀬	
1324	羽前水沢	
1325	羽前大山	
1326	鶴岡	
1327	藤島	
1329	西袋	
132a	余目	
132b	北余目	
132c	砂越	
132e	東酒田	
132f	酒田	
1330	本楯	
1331	南鳥海	
1333	遊佐	
1334	吹浦	
1335	女鹿	
1336	小砂川	
1337	上浜	
1338	象潟	
1339	金浦	
133a	仁賀保	
133b	西目	
133c	羽後本荘	
133d	羽後岩谷	
133e	折渡	
133f	羽後亀田	
1340	岩城みなと	
1341	道川	
1342	下浜	
1343	桂根	
1344	新屋	
1345	羽後牛島	
1401	高松	#unused
1402	昭和町	
1403	栗林公園北口	
1405	栗林	
1406	木太町	
1407	屋島	
1409	古高松南	
140a	八栗口	
140b	讃岐牟礼	
140c	志度	
140d	オレンジタウン	
140e	造田	
140f	神前	
1411	讃岐津田	
1412	鶴羽	
1413	丹生	
1415	三本松	
1416	讃岐白鳥	
1417	引田	
1419	讃岐相生	
141a	阿波大宮	
141b	板野	
141d	阿波川端	
141e	板東	
141f	池谷	
1421	勝瑞	
1422	吉成	
1425	佐古	
1426	徳島	
1427	阿波富田	
1429	二軒屋	
142a	文化の森	
142b	地蔵橋	
142d	中田	
142e	南小松島	
1431	阿波赤石	
1432	立江	
1435	羽ノ浦	
1436	西原	
1437	阿波中島	
1439	阿南	
143a	見能林	
143b	阿波橘	
143d	桑野	
143e	新野	
143f	阿波福井	
1340	由岐	
1341	田井ノ浜	#(臨)
1342	木岐	
1343	北河内	
1345	日和佐	
1346	山河内	
1347	辺川	
1349	牟岐	
134a	鯖瀬	
134b	浅川	
134d	阿波海南	
1501	高崎	#unused
1502	高崎問屋町	
1503	井野	
1504	新前橋	
1505	群馬総社	
1506	八木原	
1507	渋川	
1508	敷島	
1509	津久田	
150b	岩本	
150c	沼田	
150d	後閑	
1510	上牧	
1511	水上	
1512	湯檜曽	
1513	土合	
1515	土樽	
1516	越後中里	
1517	岩原スキー場前	
1518	越後湯沢	
1519	石打	
151a	大沢	
151b	上越国際スキー場前	
151c	塩沢	
151d	六日町	
151f	五日町	
1520	浦佐	
1521	八色	
1522	小出	
1524	越後堀之内	
1525	北堀之内	
1526	越後川口	
1601	御茶ノ水	#unused
1602	秋葉原	#unused
1603	浅草橋	
1604	両国	
1606	錦糸町	
1607	亀戸	
1608	平井	
1609	新小岩	
160b	小岩	
160c	市川	
160d	本八幡	
160e	下総中山	
1610	西船橋	
1611	船橋	
1612	東船橋	
1613	津田沼	
1614	幕張本郷	
1615	幕張	
1616	新検見川	
1617	稲毛	
1618	西千葉	
161a	千葉	
161b	東千葉	
161d	都賀	
161f	四街道	
1621	物井	
1622	佐倉	
1623	南酒々井	
1624	榎戸	
1626	八街	
1628	日向	
162a	成東	
162c	松尾	
162d	横芝	
162e	飯倉	
162f	八日市場	
1631	干潟	
1632	旭	
1633	飯岡	
1634	倉橋	
1636	猿田	
1637	松岸	
1638	銚子	
1703	ガーラ湯沢	#(臨)
1801	川崎	#unused
1802	尻手	
1803	矢向	
1804	鹿島田	
1806	平間	
1807	向河原	
1808	武蔵小杉	
1809	武蔵中原	
180b	武蔵新城	
180c	武蔵溝ノ口	
180d	津田山	
180e	久地	
1810	宿河原	
1811	登戸	
1812	中野島	
1813	稲田堤	
1815	矢野口	
1816	稲城長沼	
1817	南多摩	
1818	府中本町	
181a	分倍河原	
181b	西府	
181c	谷保	
181d	矢川	
181e	西国立	
181f	立川	#unused
1820	西立川	
1821	東中神	
1822	中神	
1824	昭島	
1825	拝島	
1826	牛浜	
1827	福生	
1829	羽村	
182a	小作	
182b	河辺	
182c	東青梅	
182e	青梅	
182f	宮ノ平	
1830	日向和田	
1831	石神前	
1833	二俣尾	
1834	軍畑	
1835	沢井	
1836	御嶽	
1838	川井	
1839	古里	
183a	鳩ノ巣	
183b	白丸	
183d	奥多摩	
1901	鶴見	#unused
1902	国道	
1903	鶴見小野	
1904	弁天橋	
1906	浅野	
1907	安善	
1908	武蔵白石	
1909	浜川崎	
190b	昭和	
190c	扇町	
1a01	川崎	#unused
1a02	尻手	#unused
1a03	八丁畷	
1a04	川崎新町	
1a05	小田栄	
1b01	浅野	#unused
1b02	新芝浦	
1b03	海芝浦	
1c01	武蔵白石	#unused
1c02	大川	
1d04	本郷台	
1d06	港南台	
1d07	洋光台	
1d08	新杉田	
1d09	磯子	
1d0a	根岸	
1d0c	山手	
1d0d	石川町	
1d0e	関内	
1d0f	桜木町	
1d13	大口	
1d14	菊名	
1d16	新横浜	
1d17	小机	
1d19	鴨居	
1d1a	中山	
1d1b	十日市場	
1d1c	長津田	
1d1d	成瀬	
1d1e	町田	
1d1f	古淵	
1d20	淵野辺	
1d21	矢部	
1d22	相模原	
1d23	橋本	
1d25	相原	
1d26	八王子みなみ野	
1d27	片倉	
1d2a	北八王子	
1d2b	小宮	
1d2e	東福生	
1d30	箱根ケ崎	
1d31	金子	
1d33	東飯能	
1d35	高麗川	
1d37	毛呂	
1d38	越生	
1d3a	明覚	
1d3c	小川町	
1d3d	竹沢	
1d3e	折原	
1d3f	寄居	
1d41	用土	
1d42	松久	
1d43	児玉	
1d44	丹荘	
1d46	群馬藤岡	
1d47	北藤岡	
1e01	大船	#unused
1e02	北鎌倉	
1e03	鎌倉	
1e04	逗子	
1e06	東逗子	
1e07	田浦	
1e08	横須賀	
1e09	衣笠	
1e0b	久里浜	
1f01	茅ケ崎	#unused
1f02	北茅ケ崎	
1f03	香川	
1f04	寒川	
1f06	宮山	
1f07	倉見	
1f08	門沢橋	
1f09	社家	
1f0b	厚木	
1f0c	海老名	
1f0d	入谷	
1f0e	相武台下	
1f0f	下溝	
1f10	原当麻	
1f12	番田	
1f13	上溝	
1f14	南橋本	
1f42	大元	
1f43	備前西市	
1f44	妹尾	
1f46	備中箕島	
1f47	早島	
1f48	久々原	
1f49	茶屋町	
1f4b	彦崎	
1f4c	備前片岡	
1f4d	迫川	
1f4e	常山	
1f50	八浜	
1f51	備前田井	
1f52	宇野	
1f81	郡山	#unused
1f82	郡山富田	2017-03-31/喜久田
1f83	喜久田	2017-03-31/
1f84	安子ケ島	
1f85	磐梯熱海	
1f86	中山宿	
1f87	上戸	
1f88	猪苗代湖畔	#(臨)
1f89	関都	
1f8a	川桁	
1f8b	猪苗代	
1f8c	翁島	
1f8d	磐梯町	
1f8e	東長原	
1f90	広田	
1f91	会津若松	
1f92	堂島	
1f93	笈川	
1f95	塩川	
1f96	姥堂	
1f97	会津豊川	
1f98	喜多方	
1f9a	山都	
1f9b	荻野	
1f9c	尾登	
1f9d	野沢	
1f9f	上野尻	
1fa0	徳沢	
1fa1	豊実	
1fa2	日出谷	
1fa4	鹿瀬	
1fa5	津川	
1fa6	三川	
1fa7	五十島	
1fa9	東下条	
1faa	咲花	
1fab	馬下	
1fac	猿和田	
1fae	五泉
1faf	北五泉
1fb0	新関
1fb1	東新津
1fc1	大沼	#unused
1fc2		2022-03-11/池田園
1fc3		2022-03-11/流山温泉
1fc4	銚子口(信)	2022-03-11/銚子口
1fc5	鹿部	
1fc6	渡島沼尻	
1fc8	渡島砂原	
1fc9	掛澗	
1fca	尾白内	
1fcc	東森	
2041	岡山	#unused
2042	備前三門	
2043	大安寺	
2044	備前一宮	
2046	吉備津	
2047	備中高松	
2048	足守	
2049	服部	
204b	東総社	
204c	総社	
2081	いわき	#unused
2082	赤井	
2083	小川郷	
2084	江田	
2085	川前	
2086	夏井	
2087	小野新町	
2088	神俣	
2089	菅谷	
208b	大越	
208c	磐城常葉	
208d	船引	
208e	要田	
2090	三春	
2091	舞木	
2101	熱海	#unused
2102	来宮	
2103	伊豆多賀	
2104	網代	
2106	宇佐美	
2107	伊東	
2141	岡山	#unused
2142	法界院	
2143	備前原	
2144	玉柏	
2146	牧山	
2147	野々口	
2148	金川	
2149	建部	
214b	福渡	
214c	神目	
214d	弓削	
214e	誕生寺	
2150	小原	
2151	亀甲	
2152	佐良山	
2153	津山口	
2155	津山	
2156	東津山	
2157	高野	
2158	美作滝尾	
215a	三浦	
215b	美作加茂	
215c	知和	
215d	美作河井	
215f	那岐	
2160	土師	
2161	智頭	
2162	因幡社	
2164	用瀬	
2165	鷹狩	
2166	国英	
2167	河原	
2169	郡家	
216a	東郡家	
216b	津ノ井	
2181	会津若松	#unused
2182	七日町	
2183	西若松	
2184	会津本郷	
2186	会津高田	
2187	根岸	
2188	新鶴	
2189	若宮	
218b	会津坂下	
218c	塔寺	
218d	会津坂本	
218e	会津柳津	
2190	郷戸	
2191	滝谷	
2192	会津桧原	
2193	会津西方	
2195	会津宮下	
2196	早戸	
2197	会津水沼	
2198	会津中川	
219a	会津川口	
219b	本名	
219c	会津越川	
219d	会津横田	
219f	会津大塩	
21a0	会津塩沢	
21a1	会津蒲生	
21a2	只見	
21a5	大白川	
21a7	入広瀬	
21a9	上条	
21aa	越後須原	
21ab	魚沼田中	
21ac	越後広瀬	
21ae	藪神	
2201	大垣	#unused
2202	荒尾	
2203	美濃赤坂	
2301	尼崎	#unused
2303	加島	
2305	御幣島	
2307	海老江	
2308	新福島	
2309	北新地	
230b	大阪天満宮	
230d	大阪城北詰	
2341	倉敷	#unused
2342	清音	
2343	総社	
2344	豪渓	
2346	日羽	
2347	美袋	
2348	備中広瀬	
2349	備中高梁	
234b	木野山	
234c	備中川面	
234d	方谷	
234e	井倉	
2350	石蟹	
2351	新見	
2352	布原	
2353	備中神代	
2554	足立	
2556	新郷	
2557	上石見	
2558	生山	
2559	上菅	
255b	黒坂	
255c	根雨	
255d	武庫	
255e	江尾	
2560	伯耆溝口	
2561	岸本	
2381	仙台	#unused
2382	榴ケ岡	
2383	宮城野原	
2384	陸前原ノ町	
2385	苦竹	
2386	小鶴新田	
2387	福田町	
2388	陸前高砂	
2389	中野栄	
238a	多賀城	
238b	下馬	
238c	西塩釜	
238d	本塩釜	
238e	東塩釜	
2390	陸前浜田	
2391	松島海岸	
2392	高城町	
2393	手樽	
2395	陸前富山	
2396	陸前大塚	
2397	東名	
2398	野蒜	
2399	陸前小野	2016-03-25/
239a	鹿妻	2016-03-25/陸前小野
239b	矢本	2016-03-25/鹿妻
239c	東矢本	2016-03-25/矢本
239d	陸前赤井	2016-03-25/東矢本
239e	石巻あゆみ野	2016-03-25/陸前赤井
239f	蛇田	
23a0	陸前山下	
23a1	石巻	
2401	拝島	#unused
2402	熊川	
2403	東秋留	
2404	秋川	
2406	武蔵引田	
2407	武蔵増戸	
2408	武蔵五日市	
2441	備中神代	#unused
2442	坂根	
2443	市岡	
2444	矢神	
2446	野馳	
2447	東城	
2448	備後八幡	
2449	内名	
244b	小奴可	
244c	道後山	
244d	備後落合	
244e	比婆山
2450	備後西城	
2451	平子	
2452	高	
2453	備後庄原	
2455	備後三日市	
2556	七塚	
2557	山ノ内	
2558	下和知	
255a	塩町	
255b	神杉	
255c	八次	
245d	三次	
245f	西三次	
2460	志和地	
2461	上川立	
2462	甲立	
2464	吉田口	
2465	向原	
2466	井原市	
2467	志和口	
2469	上三田	
246a	中三田	
246b	白木山	
246c	狩留家	
246e	上深川	
246f	中深川	
2470	下深川	
2471	玖村	
2473	安芸矢口	
2474	戸坂	
2475	矢賀	
2481	小牛田	#unused
2482	上涌谷	
2483	涌谷	
2485	前谷地	
2486	佳景山	
2487	鹿又	
2488	曽波神	
248b	陸前稲井	
248c	渡波	
248d	万石浦	
248e	沢田	
248f	浦宿	
2490	女川	
24c1	桑園	#unused
24c2	八軒	
24c3	新川	
24c5	新琴似	
24c6	太平	
24c8	百合が原	
24c9	篠路	
24cb	拓北	
24cd	あいの里教育大	
24ce	あいの里公園	
24cf	ロイズタウン	2022-03-11/
24d0	太美	2022-03-11/石狩太美
24d2	当別	2022-03-11/石狩当別
24d4	北海道医療大学	
2501	品川	#unused
2502	大崎	
2503	五反田	
2504	目黒	
2506	恵比寿	
2507	渋谷	
2508	原宿	
2509	代々木	?
250a	新宿	?
250c	新大久保	
250d	高田馬場	
250e	目白	
250f	池袋	
2511	大塚	
2512	巣鴨	
2513	駒込	
2541	福山	#unused
2542	備後本庄	
2543	横尾	
2544	神辺	
2546	湯田村	
2547	道上	
2548	万能倉	
2549	駅家	
254b	近田	
254c	戸手	
254d	上戸手	
254e	新市	
2550	高木	
2551	鵜飼	
2552	府中	
2553	下川辺	
2555	中畑	
2556	河佐	
2558	備後三川	
255a	備後矢野	
255b	上下	
255c	甲奴	
255d	梶田	
255f	備後安田	
2560	吉舎	
2561	三良坂	
2581	前谷地	?
2582	和渕	
2583	のの岳	
2584	陸前豊里	
2586	御岳堂	
2587	柳津	
25c1	白石	#unused
25c2	平和	
25c3	新札幌	
25c5	上野幌	
25c7	北広島	
25c9	島松	
25ca	恵み野	
25cb	恵庭	
25cc	サッポロビール庭園	
25cd	長都	
25cf	千歳	
25d0	南千歳	
25d2	美々(信)	2017-03-03/美々
25d4	植苗	
2603	尾久	
2606	十条	
2607	板橋	
2641	三原	#unused
2642	須波	
2643	安芸幸崎	
2644	忠海	
2645	安芸長浜	
2646	大乗	
2647	竹原	
2648	吉名	
2649	安芸津	
264b	風早	
264c	安浦	
264d	安登	
264e	安芸川尻	
264f	仁万	
2650	広	
2651	新広	
2652	安芸阿賀	
2653	呉	
2654	川原石	
2655	吉浦	
2656	かるが浜	
2657	天応	
2658	呉ポートピア	
2659	小屋浦	
265a	水尻	
265b	坂	
265c	矢野	
2581	一ノ関	#unused
2683	真滝	
2685	陸中門崎	
2686	岩ノ下	
2687	陸中松川	
2688	猊鼻渓	
2689	柴宿	
268a	摺沢	
268b	千厩	
268c	小梨	
268d	矢越	
268f	折壁	
2690	新月	
2692	気仙沼	
26c1	南千歳	#unused
26c2	新千歳空港	
2701	大宮	#unused
2703	日進	
2704	西大宮	
2705	指扇	
2707	南古谷	
2709	川越	
270a	西川越	
270b	的場	
270c	笠幡	
270d	武蔵高萩	
2741	岩国	#unused
2742	西岩国	
2743	川西	
2744	柱野	
2745	欽明路	
2746	玖珂	
2747	周防高森	
2748	米川	
2749	高水	
274b	勝間	
274c	大河内	
274d	周防久保	
274e	生野屋	
2750	周防花岡	
2781	花巻	#unused
2782	似内	
2783	新花巻	
2784	小山田	
2786	土沢	
2787	晴山	
2788	岩根橋	
2789	宮守	
278b	柏木平	
278c	鱒沢	
278d	荒谷前	
278e	岩手二日町	
2790	綾織	
2791	遠野	
2792	青笹	
2793	岩手上郷	
2795	平倉	
2796	足ケ瀬	
2797	上有住	
2798	陸中大橋	
279a	洞泉	
279b	松倉	
279c	小佐野	
279d	釜石	
27c2	あおば通	
2801	我孫子	#unused
2803	東我孫子	
2804	湖北	
2805	新木	
2807	布佐	
2808	木下	
280a	小林	
280c	安食	
280e	下総松崎	
2810	成田	
2812	酒々井	
2881	盛岡	#unused
2882	上盛岡	
2883	山岸	
2884	上米内	
2888	区界	
2889	松草	
288c	川内	
288d	箱石	
288e	陸中川井	
288f	腹帯	
2891	茂市	
2892	蟇目	
2893	花原市	
2895	千徳	
2896	宮古	
290c	北府中	
290f	新小平	
2911	新秋津	
2912	東所沢	
2914	新座	
2916	北朝霞	
2918	西浦和	
2919	武蔵浦和	
291c	東浦和	
291e	東川口	
291f	南越谷	
2920	越谷レイクタウン	
2921	吉川	
2922	吉川美南	
2923	新三郷	
2924	三郷	
2925	南流山	
2926	新松戸	#unused
2927	新八柱	
2928	東松戸	
2929	市川大野	
292a	船橋法典	
2940	上嘉川	?
2943	深溝	
2944	周防佐山	
2946	岩倉	
2847	阿知須	
2848	岐波	
2849	丸尾	
284b	床波	
284c	常盤	
284d	草江	
294e	宇部岬	
2950	東新川	
2951	琴芝	
2952	宇部新川	
2953	居能	
2955	岩鼻	
2a0c	新川崎	
2a0d	武蔵小杉	
2a0e	西大井	
2a15	新日本橋	
2a16	馬喰町	
2a43	妻崎	
2a44	長門長沢	
2a46	雀田	
2a47	小野田港	
2a48	南小野田	
2a49	南中川	
2a4b	目出	
2a81	八戸	#unused
2a82	長苗代	
2a83	本八戸	
2a84	小中野	
2a86	陸奥湊	
2a87	白銀	
2a88	鮫	
2a8a	陸奥白浜	
2a8b	種差海岸	
2a8c	大久喜	
2a8d	金浜	
2a8e	大蛇	
2a90	階上	
2a91	角の浜	
2a92	平内	
2a93	種市	
2a96	玉川	
2a97	宿戸	
2a98	陸中八木	
2a99	有家	
2a9a	陸中中野	
2a9b	侍浜	
2a9c	陸中夏井	
2a9d	久慈	
2ac1	長万部	#unused
2ac3	静狩	
2ac4	小幌	
2ac5	礼文	
2ac7	大岸	
2ac8	豊浦	
2ac9	洞爺	
2aca	有珠	
2acb	長和	
2acd	伊達紋別	
2ace	北舟岡	
2acf	稀府	
2ad0	黄金	
2ad2	崎守	
2ad3	本輪西	
2ad4	東室蘭	
2ad5	鷲別	
2ad7	幌別	
2ad9	富浦	
2ada	登別	
2adb	虎杖浜	
2adc	竹浦	
2ade	北吉原	
2adf	萩野	
2ae0	白老	
2ae1	社台	
2ae3	錦岡	
2ae5	糸井	
2ae7	青葉	
2ae9	苫小牧	
2aeb	沼ノ端	
2aec	遠浅	
2aed	早来	
2aee	安平	
2aef	追分	
2af1	三川	
2af2	古山	
2af3	由仁	
2af4	栗山	
2af6	栗丘	
2af7	栗沢	
2af8	志文	
2b41	厚狭	#unused
2b42	湯ノ峠	
2b43	厚保	
2b44	四郎ケ原	
2b46	南大嶺	
2b47	美祢	
2b48	重安	
2b49	於福	
2b4b	渋木	
2b4c	長門湯本	
2b4d	板持	
2b4e	長門市	#unused
2b4f	仙崎
2b81	野辺地	#unused
2b82	北野辺地	
2b83	有戸	
2b84	吹越	
2b86	陸奥横浜	
2b87	有畑	
2b88	近川	
2b89	金谷沢	
2b8b	赤川	
2b8c	下北	
2b8d	大湊	
2ba4	羽沢横浜国大	
2bc2	輪西	
2bc3	御崎	
2bc4	母恋	
2bc6	室蘭	
2c01	渋川	#unused
2c02	金島	
2c03	祖母島	
2c04	小野上	
2c05	小野上温泉	
2c06	市城	
2c07	中之条	
2c08	群馬原町	
2c09	郷原	
2c0b	矢倉	
2c0c	岩島	
2c0d	川原湯温泉	
2c0e	長野原草津口	
2c10	群馬大津	
2c11	羽根尾	
2c12	袋倉	
2c13	万座・鹿沢口	
2c15	大前	
2c41	周防下郷	
2c42	上郷	
2c43	仁保津	
2c44	大歳	
2c46	矢原	
2c47	湯田温泉	
2c48	山口	
2c49	上山口	
2c4b	宮野	
2c4c	仁保	
2c4d	篠目	
2c4e	長門峡	
2c50	渡川	
2c51	三谷	
2c52	名草	
2c53	地福	
2c55	鍋倉	
2c56	徳佐	
2c57	船平山	
2c58	津和野	
2c5a	青野山	
2c5b	日原	
2c5c	青原	
2c5d	東青原	
2c5f	石見横田	
2c60	本俣賀	
2d03	前橋	
2d05	前橋大島	
2d06	駒形	
2d08	伊勢崎	
2d0b	国定	
2d0d	岩宿	
2d10	桐生	
2d12	小俣	
2d15	山前	
2d18	足利	
2d1a	あしかがフラワーパーク	2018-03-31/
2d1b	富田	
2d1c	佐野	
2d20	岩舟	
2d21	大平下	
2d22	栃木	
2d24	思川	
2d27	小田林	
2d28	結城	
2d29	東結城	
2d2a	川島	
2d2b	玉戸	
2d2c	下館	
2d2d	新治	
2d2e	大和	
2d2f	岩瀬	
2d30	羽黒	
2d31	福原	
2d32	稲田	
2d33	笠間	
2d34	宍戸	
2d41	横川	#unused
2d42	三滝	
2d43	安芸長束	
2d44	下祇園	
2d46	古市橋	
2d47	大町	
2d48	緑井	
2d49	七軒茶屋	
2d4a	梅林	
2d4b	上八木	
2d4c	中島	
2d4d	可部	
2d4e	河戸帆待川	
2d4f	あき亀山	
2d81	槻木	
2d83	東船岡	
2d85	岡	
2d87	横倉	
2d89	角田	
2d8b	南角田	
2d8d	北丸森	
2d8f	丸森	
2d91	あぶくま	
2d93	兜	
2d95	富野	
2d97	やながわ希望の森公園前	
2d99	梁川	
2d9b	新田	
2d9d	二井田	
2d9f	大泉	
2da1	保原	
2da3	上保原	
2da5	高子	
2da7	向瀬上	
2da9	瀬上	
2daa	福島学院前	
2dab	卸町	
2dad	福島	
	大聖寺	?
	動橋	?
	粟津	?
2e4b	加賀温泉	
2e54	小松	
	明峰	?
	能美根上	?
	小舞子	?
	美川	?
	加賀笠間	?
	西松任	?
2e69	松任	
	野々市	?
2e6f	西金沢	
2e72	金沢	
2e75	東金沢	
2e78	森本	
2e7b	津幡	
2e7e	倶利伽羅	
2e81	仙台	#unused
2e82	東照宮	
2e83	北仙台	
2e84	北山	
2e85	東北福祉大前	
2e86	国見	
2e87	葛岡	
2e88	陸前落合	
2e89	愛子	
2e8c	陸前白沢	
2e8d	熊ケ根	
2e8f	作並	
2e91	奥新川	
2e92	面白山高原	
2e94	山寺	
2e96	高瀬	
2e97	楯山	
2ec4	東追分(信)	2016-03-25/東追分
2ec5	川端	
2ec7	滝ノ上(信)	2024-03-15/滝ノ上
2ec9	新夕張	
2ecc	占冠	
2ecd	トマム	
2f01	宇都宮	#unused
2f02	鶴田	
2f03	鹿沼	
2f04	文挟	
2f06	下野大沢	
2f07	今市	
2f08	日光	
2f41	宍道	#unused
2f42	南宍道	
2f43	加茂中	
2f44	幡屋	
2f46	出雲大東	
2f47	南大東	
2f48	木次	
2f49	日登	
2f4b	下久野	
2f4c	出雲八代	
2f4d	出雲三成	
2f4e	亀嵩	
2f50	出雲横田	
2f51	八川	
2f52	出雲坂根	
2f53	三井野原	
2f55	油木	
2f81	小牛田	#unused
2f82	北浦	
2f83	陸前谷地	
2f85	古川	
2f86	塚目	
2f87	西古川	
2f88	東大崎	
2f89	西大崎	
2f8a	岩出山	
2f8b	有備館	
2f8c	上野目	
2f8d	池月	
2f8f	川渡温泉	
2f90	鳴子御殿湯	
2f91	鳴子温泉	
2f93	中山平温泉	
2f95	堺田	
2f97	赤倉温泉	
2f98	立小路	
2f9a	最上	
2f9b	大堀	
2f9c	鵜杉	
2f9d	瀬見温泉	
2f9f	東長沢	
2fa0	長沢	
2fa1	南新庄	
2fa2	新庄	#unused
2fa3	升形	
2fa4	羽前前波	
2fa5	津谷	
2fa7	古口	
2fa8	高屋	
2fa9	清川	
3001	宝積寺	#unused
3002	下野花岡	
3003	仁井田	
3004	鴻野山	
3006	大金	
3007	小塙	
3008	滝	
3009	烏山	
3041	倶利伽羅	?
3044	石動	
3048	福岡	
304b	西高岡	
304c	高岡やぶなみ	2018-03-16/
304e	高岡	
3051	越中大門	
3054	小杉	
3058	呉羽	
305b	富山	
305d	新富山口	2022-03-11/
305f	東富山	
3062	水橋	
3065	滑川	
3068	東滑川	
306b	魚津	
306e	黒部	
3071	生地	
3074	西入善	
3077	入善	
307a	泊	
307d	越中宮崎	
3081	北上	#unused
3082	柳原	
3083	江釣子	
3084	藤根	
3086	立川目	
3087	横川目	
3088	岩沢	
3089	和賀仙人	
308b	ゆだ錦秋湖	
308c	ほっとゆだ	
308d	ゆだ高原	
308e	黒沢	
3090	小松川	
3091		2022-03-11/平石
3092	相野々	
3093		2022-03-11/矢美津
30c4	勇払	
30c5	浜厚真	
30c6		2023-03-17/浜田浦
30c8	鵡川	
3141	米子	#unused
3142	博労町	
3143	富士見町	
3144	後藤	
3146	三本松口	
3148	河崎口	
3149	弓ケ浜	
314b	和田浜	
314c	大篠津町	
314d	米子空港	
314f	中浜	
3150	高松町	
3151	余子	
3153	上道	
3154	馬場崎町	
3155	境港	
3181	盛岡	#unused
3182	前潟	2023-03-17/大釜
3183	大釜	2023-03-17/小岩井
3184	小岩井	2023-03-17/雫石
3185	雫石	2023-03-17/
3186	春木場	
3187	赤渕	
3188	田沢湖	
3189	刺巻	
318b	神代	
318c	生田	
318d	角館	
318e	鶯野	
3200	羽後長野	
3201	鑓見内	
3202	羽後四ツ屋	
3203	北大曲	
3201	水戸	#unused
3202	常陸青柳	
3203	常陸津田	
3204	後台	
3206	下菅谷	
3207	中菅谷	
3208	上菅谷	
3209	常陸鴻巣	
320b	瓜連	
320c	静	
320d	常陸大宮	
320e	玉川村	
3210	野上原	
3211	山方宿	
3212	中舟生	
3213	下小川	
3215	西金	
3216	上小川	
3217	袋田	
3218	常陸大子	
321a	下野宮	
321b	矢祭山	
321c	東館	
321d	南石井	
321f	磐城石井	
3220	磐城塙	
3221	近津	
3222	中豊	
3224	磐城棚倉	
3225	磐城浅川	
3226	里白石	
3227	磐城石川	
3229	野木沢	
322a	川辺沖	
322b	泉郷	
322c	川東	
322e	小塩江	
322f	谷田川	
3230	磐城守山	
32c1	深川	#unused
32c2	北一己	
32c3	秩父別	
32c4	北秩父別	
32c6	石狩沼田	
32c7		2023-03-31/真布
32c8		2023-03-31/恵比島
32c9		2023-03-31/峠下
32cc		2023-03-31/幌糠
32ce		2023-03-31/藤山
32d0		2023-03-31/大和田
32d1		2023-03-31/留萌
3301	上菅谷	#unused
3302	南酒出	
3303	額田	
3304	河合	
3306	谷河原	
3307	常陸太田	
3341	雀田	#unused
3342	浜河内	
3343	長門本山	
3381	好摩	
3382	東大更	
3383	大更	
3384	平館	
3386	北森	
3387	松尾八幡平	
3388	安比高原	
3389	赤坂田	
338b	小屋の畑	
338c	荒屋新町	
338d	横間	
338e	田山	
3390	兄畑	
3391	湯瀬温泉	
3392	八幡平	
3393	陸中大里	
3395	鹿角花輪	
3396	柴平	
3397	十和田南	
3398	末広	
339a	土深井	
339b	沢尻	
339c	十二所	
339d	大滝温泉	
339f	扇田	
33a0	東大館	
3401	下館	#unused
3402	下館二高前	
3403	折本	
3404	ひぐち	
3405	久下田	
3406	寺内	
3407	真岡	
3408	北真岡	
3409	西田井	
340a	北山	
340b	益子	
340c	七井	
340d	多田羅	
340e	市塙	
340f	笹原田	
3410	天矢場	
3411	茂木	
	敦賀	?
	南今庄	?
	今庄	?
	湯尾	?
	南条	?
3467	王子保	2024-03-15/
3468	しきぶ	?
3469	武生	2024-03-15/
346b	鯖江	2024-03-15/
346d	北鯖江	2024-03-15/
346f	大土呂	2024-03-15/
3471	越前花堂	2024-03-15/
3473	福井	2024-03-15/
3475	森田	2024-03-15/
3477	春江	2024-03-15/
3479	丸岡	2024-03-15/
347b	芦原温泉	2024-03-15/
	細呂木	?
	牛ノ谷	?
3480	大聖寺	2024-03-15/
34c1	富良野	
34c2	学田	
34c3	鹿討	
34c4	中富良野	
34c5	ラベンダー畑	#(臨)
34c6	西中	
34c7	上富良野	
34c8	美馬牛	
34c9	美瑛	
34cb	北美瑛	
34cc	千代ヶ岡	
34cd	西聖和	
34ce	西神楽	
34d0	西瑞穂	
34d1	西御料	
34d2	緑が丘	
34d3	神楽岡	
3401	岡谷	#unused
3502	川岸	
3504	辰野	
3505	信濃川島	
3506	小野	
350b	北与野	
350d	与野本町	
350f	南与野	
3511	中浦和	
3513	武蔵浦和	#unused
3515	北戸田	
3517	戸田	
3519	戸田公園	
351b	浮間舟渡	
351d	北赤羽	
3541	茶屋町	#unused
3542	植松	
3543	木見	
3545	上の町	
3547	児島	
3601	千葉	#unused
3602	本千葉	
3603	蘇我	
3605	鎌取	
3607	誉田	
3609	土気	
360a	大網	
360b	永田	
360c	本納	
360e	新茂原	
360f	茂原	
3610	八積	
3611	上総一ノ宮	
3613	東浪見	
3614	太東	
3615	長者町	
3616	三門	
3618	大原	
3619	浪花	
361a	御宿	
361b	勝浦	
361c	鵜原	
361e	上総興津	
361f	行川アイランド	
3620	安房小湊	
3621	安房天津	
3622	安房鴨川	
3681	米沢	#unused
3682	南米沢	
3683	西米沢	
3684	成島	
3686	中郡	
3687	羽前小松	
3688	犬川	
3689	今泉	
368b	萩生	?
368c	羽前椿	?
368d	手ノ子	
368e	羽前沼沢	
3690	伊佐領	
3691	羽前松岡	
3692	小国	
3695	越後金丸	
3696	越後片貝	
3697	越後下関	
3698	越後大島	
3705	浜野	
3706	八幡宿	
3707	五井	
3709	姉ケ崎	
370b	長浦	
370c	袖ケ浦	
370d	巌根	
370e	木更津	
3710	君津	
3711	青堀	
3712	大貫	
3713	佐貫町	
3715	上総湊	
3716	竹岡	
3717	浜金谷	
3718	保田	
371a	安房勝山	
371b	岩井	
371c	富浦	
371d	那古船形	
371f	館山	
3720	九重	
3721	千倉	
3722	千歳	
3724	南三原	
3725	和田浦	
3726	江見	
3727	太海	
3841	盛岡	
3842	青山	
3843	厨川	
3844	巣子	
3846	滝沢	?
3847	渋民	
3848	好摩	
3849	岩手川口	?
384b	いわて沼宮内	
384c	御堂	?
384d	奥中山	?
384e	小繋	?
3850	小鳥谷	?
3851	一戸	?
3852	二戸	?
3853	斗米	?
3855	金田一温泉	?
3856	目時	?
3901	成田	#unused
3903	久住	
3905	滑河	
3907	下総神崎	
3908	大戸	
3909	佐原	
390a	香取	
390c	水郷	
390d	小見川	
390e	笹川	
390f	下総橘	
3910	下総豊里	
3911	椎柴	
3941	目時	
3942	三戸	?
3943	諏訪ノ平	?
3945	剣吉	?
3946	苫米地	?
3947	北高岩	
3948	八戸	
3949	陸奥市川	
394b	下田	?
394d	向山	?
394f	三沢	
3951	小川原	?
3953	上北町	?
3955	乙供	?
3957	千曳	?
3959	野辺地	?
395b	狩湯沢	?
395d	清水川	?
395f	小湊	?
3961	西平内	?
3963	浅虫温泉	?
3965	野内	?
3967	矢田前	?
3969	小柳	?
396b	東青森
396c	筒井	?
396d	筒井	?
396e	青森
3981	青森	#unused
3982	油川	
3983	津軽宮田	
3984	奥内	
3986	左堰	
3987	後潟	
3988	中沢	
3989	蓬田	
398b	郷沢	
398c	瀬辺地	
398d	蟹田	
398e	中小国	
398f	大平	?
3990	大平	?
3991	津軽二股	
3992	大川平	
3993	今別	
3994	津軽浜名	
3996	三厩	
3a01	木更津	#unused
3a02	祇園	
3a03	上総清川	
3a04	東清川	
3a05	横田	
3a06	東横田	
3a07	馬来田	
3a08	下郡	
3a0a	小櫃	
3a0b	俵田	
3a0c	久留里	
3a0d	平山	
3a0f	上総松丘	
3a10	上総亀山	
3a14	空港第2ビル	
3a16	成田空港	
3b01	大網	#unused
3b02	福俵	
3b03	東金	
3b04	求名	
3b81	東能代	#unused
3b82	能代	
3b83	向能代	
3b84	北能代	
3b86	鳥形	
3b87	沢目	
3b88	東八森	
3b89	八森	
3b8a	滝ノ間	
3b8b	あきた白神	
3b8c	岩館	
3b8d	大間越	
3b8e	白神岳登山口	
3b90	松神	
3b91	十二湖	
3b92	陸奥岩崎	
3b93	陸奥沢辺	
3b94	ウェスパ椿山	
3b95	艫作	
3b96	横磯	
3b97	深浦	
3b98	広戸	
3b9a	追良瀬	
3b9b	驫木	
3b9c	風合瀬	
3b9d	大戸瀬	
3b9f	千畳敷	
3ba0	北金ケ沢	
3ba1	陸奥柳田	
3ba2	陸奥赤石	
3ba4	鰺ケ沢	
3ba5	鳴沢	
3ba6	越水	
3ba7	陸奥森田	
3ba9	中田	
3baa	木造	
3bab	五所川原	
3bac	陸奥鶴田	
3bae	鶴泊	
3baf	板柳	
3bb0	林崎	
3bb1	藤崎	
3c0c	鹿島サッカースタジアム	#(臨)
3c0d	鹿島神宮	
3c0e	延方	
3c10	潮来	
3c11	十二橋	
3c81	追分	#unused
3c82	出戸浜	
3c83	上二田	
3c84	二田	
3c86	天王	
3c87	船越	
3c88	脇本	
3c89	羽立	
3c8b	男鹿	
3d01	国府津	#unused
3d02	下曽我	
3d03	上大井	
3d04	相模金子	
3d06	松田	
3d07	東山北	
3d08	山北	
3d09	谷峨	
3d0b	駿河小山	
3d0c	足柄	
3d0d	御殿場	
3d0e	南御殿場	
3d10	富士岡	
3d11	岩波	
3d12	裾野	
3d13	長泉なめり	
3d14	下土狩	
3d15	大岡	
3dc8	奥津軽いまべつ	2016-03-25/津軽今別
3e01	富士	#unused
3e02	柚木	
3e03	竪堀	
3e04	入山瀬	
3e06	富士根	
3e07	源道寺	
3e08	富士宮	
3e09	西富士宮	
3e0b	沼久保	
3e0c	芝川	
3e0d	稲子	
3e0e	十島	
3e10	井出	
3e11	寄畑	
3e12	内船	
3e13	甲斐大島	
3e15	身延	
3e16	塩之沢	
3e17	波高島	
3e18	下部温泉	
3e1a	甲斐常葉	
3e1b	市ノ瀬	
3e1c	久那土	
3e1d	甲斐岩間	
3e1f	落居	
3e20	鰍沢口	
3e21	市川大門	
3e22	市川本町	
3e23	芦川	
3e24	甲斐上野	
3e25	東花輪	
3e26	小井川	
3e27	常永	
3e29	国母	
3e2a	甲斐住吉	
3e2b	南甲府	
3e2c	善光寺	
3e2e	金手	
3e81	岩切	#unused
3e82	新利府	
3e83	利府	
3f01	東京	#unused
3f02	八丁堀	
3f03	越中島	
3f04	潮見	
3f05	新木場	
3f07	葛西臨海公園	
3f08	舞浜	
3f0a	新浦安	
3f0b	市川塩浜	
3f0d	二俣新町	
3f0f	南船橋	
3f10	新習志野	
3f12	海浜幕張	
3f13	検見川浜	
3f14	稲毛海岸	
3f16	千葉みなと	
3f18	蘇我	#unused
3f81	山形	#unused
3f82	北山形	#unused
3f83	東金井	
3f84	羽前山辺	
3f86	羽前金沢	
3f87	羽前長崎	
3f88	南寒河江	
3f89	寒河江	
3f8b	西寒河江	
3f8c	羽前高松	
3f8d	柴橋	
3f8e	左沢	
3fc1	高崎	#unused
3fc3	安中榛名	
3fc5	軽井沢	
3fc7	佐久平	
3fc9	上田	
3fcb	長野	
3fcd	飯山	
3fcf	上越妙高	
4001	掛川	
4002	掛川市役所前	
4003	西掛川	
4005	桜木	
4006	いこいの広場	
4007	細谷	
4009	原谷	
400a	原田	
400b	戸綿	
400c	遠州森	?
400d	森町病院前	?
400e	円田	
400f	遠江一宮	
4013	豊岡	
4015	上野部	
4017	天竜二俣	
4019	二俣本町	
401b	西鹿島	
401d	岩水寺	
401f	宮口	
4020	フルーツパーク	
4021	都田	
4022	常葉大学前	
4023	金指	
4025	岡地	
4027	気賀	
4029	西気賀	
402b	寸座	
402d	浜名湖佐久米	
402f	東都筑	
4031	都筑	
4033	三ヶ日	
4034	奥浜名湖	
4035	尾奈	
4037	知波田	
4038	大森	
4039	アスモ前	
403b	新所原	
4101	豊橋	#unused
4102	船町	
4103	下地	
4104	小坂井	
4106	牛久保	
4107	豊川	
4108	三河一宮	
4109	長山	
410b	江島	
410c	東上	
410d	野田城	
410e	新城	
4110	東新町	
4111	茶臼山	
4112	三河東郷	
4113	大海	
4115	鳥居	
4116	長篠城	
4117	本長篠	
4118	三河大野	
411a	湯谷温泉	
411b	三河槙原	
411c	柿平	
411d	三河川合	
411f	池場	
4120	東栄	
4121	出馬	
4122	上市場	
4124	浦川	
4125	早瀬	
4126	下川合	
4127	中部天竜	
4129	佐久間	
412a	相月	
412b	城西	
412c	向市場	
412e	水窪	
412f	大嵐	
4130	小和田	
4131	中井侍	
4133	伊那小沢	
4134	鶯巣	
4135	平岡	
4136	為栗	
4138	温田	
4139	田本	
413a	門島	
413b	唐笠	
413d	金野	
413e	千代	
413f	天竜峡	
4140	川路	
4142	時又	
4143	駄科	
4144	毛賀	
4145	伊那八幡	
4147	下山村	
4148	鼎	
4149	切石	
414a	飯田	
414c	桜町	
414d	伊那上郷	
414e	元善光寺	
414f	下市田	
4151	市田	
4152	下平	
4153	山吹	
4154	伊那大島	
4156	上片桐	
4157	伊那田島	
4158	高遠原	
4159	七久保	
415b	伊那本郷	
415c	飯島	
415d	田切	
415e	伊那福岡	
4160	小町屋	
4161	駒ケ根	
4162	大田切	
4163	宮田	
4165	赤木	
4166	沢渡	
4167	下島	
4168	伊那市	
416a	伊那北	
416b	田畑	
416c	北殿	
416d	木ノ下	
416f	伊那松島	
4170	沢	
4171	羽場	
4172	伊那新町	
4174	宮木	
4201	岡崎	
4203	六名	
4205	中岡崎	
4207	北岡崎	
4209	大門	
420b	北野桝塚	
420d	三河上郷	
420f	永覚	
4211	末野原	
4213	三河豊田	
4215	新上挙母	
4217	新豊田	
4218	愛環梅坪	
4219	四郷	
421a	貝津	
421b	保見	
421d	篠原	
421f	八草	
4221	山口	
4223	瀬戸口	
4225	瀬戸市	
4227	中水野	
4229	高蔵寺	
4281	勝川	
4282	味美	
4283	比良	
4284	小田井	
4285	尾張星の宮	
4286	枇杷島	
4201	大府	#unused
4302	尾張森岡	
4303	緒川	
4304	石浜	
4306	東浦	
4307	亀崎	
4308	乙川	
4309	半田	
430b	東成岩	
430c	武豊	
4401	岐阜	#unused
4403	長森	
4404	那加	
4406	蘇原	
4407	各務ケ原	
4409	鵜沼	
440b	坂祝	
440c	美濃太田	
440d	古井	
440e	中川辺	
4410	下麻生	
4412	上麻生	
4414	白川口	
4416	下油井	
4417	飛騨金山	
4419	焼石	
441a	下呂	
441b	禅昌寺	
441c	飛騨萩原	
441d	上呂	
441e	飛騨宮田	
4420	飛騨小坂	
4421	渚	
4422	久々野	
4423	飛騨一ノ宮	
4424	高山	
4425	上枝	
4427	飛騨国府	
4428	飛騨古川	
4429	杉崎	
442a	飛騨細江	
442c	角川	
442d	坂上	
442e	打保	
442f	杉原	
4431	猪谷	
4432	楡原	
4433	笹津	
4434	東八尾	
4436	越中八尾	
4437	千里	
4438	速星	
4439	婦中鵜坂	
443a	西富山	
4601	東京	
4603	品川	
4605	新横浜	
4609	小田原	
460b	熱海	
460d	三島	
460f	新富士	
4611	静岡	
4615	掛川	
4617	浜松	
4619	豊橋	
461b	三河安城	
461f	名古屋	
4621	岐阜羽島	
4623	米原	
4629	京都	
462d	新大阪	
4631	新大阪	
4633	新神戸	
4635	西明石	
4637	姫路	
4639	相生	
463e	岡山	
4642	新倉敷	
4644	福山	
4646	新尾道	
4648	三原	
464a	東広島	
464e	広島	
4652	新岩国	
4654	徳山	
4656	新山口	
4658	厚狭	
465a	新下関	
465c	小倉	
4664	博多	
4701	東京	
4703	上野	
4705	大宮	
4707	小山	
4709	宇都宮	
470b	那須塩原	
470d	新白河	
470f	郡山	
4711	福島	
4713	白石蔵王	
4715	仙台	
4717	古川	
4718	くりこま高原	
4719	一ノ関	
471a	水沢江刺	
471b	北上	
471c	新花巻	
471d	盛岡	
471f	いわて沼宮内	
4721	二戸	
4723	八戸	
4725	七戸十和田	
4727	新青森	
4729	奥津軽いまべつ	
472b	木古内	
472d	新函館北斗	
4781	博多	
4784	新鳥栖	
4787	久留米	
4788	筑後船小屋	
478a	新大牟田	
478d	新玉名	
4790	熊本	
4793	新八代	
4796	新水俣	
4799	出水	
479c	川内	
479f	鹿児島中央	
4807	熊谷	
4808	本庄早稲田	
4809	高崎	
480b	上毛高原	
480d	越後湯沢	
480f	浦佐	
4811	長岡	
4813	燕三条	
4815	新潟	
490b	安中榛名	
490d	軽井沢	
490f	佐久平	
4911	上田	
4913	長野	
4915	飯山	
4917	上越妙高	
4919	糸魚川	
491b	黒部宇奈月温泉	
491d	富山	
491f	新高岡	
4921	金沢	
4923	小松	?
4925	加賀温泉	?
4927	芦原温泉	?
4929	福井	?
492b	越前たけふ	?
492d	敦賀	?
4b01	津幡	?
4b02	中津幡	
4b03	本津幡	
4b04	能瀬	
4b06	宇野気	
4b07	横山	
4b08	高松	
4b09	免田	
4b0b	宝達	
4b0c	敷浪	
4b0d	南羽咋	
4b0e	羽咋	
4b10	千路	
4b11	金丸	
4b12	能登部	
4b13	良川	
4b15	能登二宮	
4b16	徳田	
4b17	七尾	
4b18	和倉温泉	
4b1a	田鶴浜	
4c41	西戸崎	
4c42	海ノ中道	
4c44	雁ノ巣	
4c45	奈多	
4c46	和白	
4c49	香椎神宮	
4c4a	舞松原	
4c4b	土井	
4c4c	伊賀	
4c4d	長者原	
4c4e	酒殿	
4c4f	須恵	
4c50	須恵中央	
4c51	新原	
4c52	宇美	
4d01	高岡	#unused
4d03	二塚	
4d04	林	
4d05	戸出	
4d06	油田	
4d07	砺波	
4d08	東野尻	
4d09	高儀	
4d0b	福野	
4d0c	東石黒	
4d0d	福光	
4d0e	越中山田	
4d10	城端	
4d41	吉塚	#unused
4d42	柚須	
4d43	原町	
4d44	長者原	
4d45	門松	
4d46	篠栗	
4d48	筑前山手	
4d49	城戸南蔵院前	
4d4b	九郎原	
4d4c	筑前大分	
4d4e	桂川	
4e01	高岡	#unused
4e02	越中中川	
4e03	能町	
4d04	伏木	
4d06	越中国分	
4d07	雨晴	
4d08	島尾	
4e09	氷見	
4ffe	宮島	?
5001	越前花堂	
5003	六条	
5004	足羽	
5006	越前東郷	
5007	一乗谷	
5008	越前高田	
5009	市波	
500b	小和清水	
500c	美山	
500d	越前薬師	
500e	越前大宮	
5010	計石	
5011	牛ケ原	
5012	北大野	
5013	越前大野	
5015	越前田野	
5016	越前富田	
5017	下唯野	
5018	柿ケ島	
501a	勝原	
501b	越前下山	
501c	九頭竜湖	
50c1	東釧路	#unused
50c3	遠矢	
50c4	釧路湿原	
50c5	細岡	#(臨)
50c6	塘路	
50c8	茅沼	
50c9		2017-03-03/五十石
50ca	標茶	
50cb	磯分内	
50cd		2020-03-13/南弟子屈
50ce	摩周	
50cf	美留和	
50d0	川湯温泉	
50d2	緑	
50d3	札弦	
50d4	清里町	
		2021-03-12/南斜里
50d7	中斜里	
50d8	知床斜里	
50d9	止別	
50da	浜小清水	
50dc	原生花園	#(臨)
50dd	北浜	
50de	藻琴	
50df	鱒浦	
50e1	桂台	
5101	松本	
5102	北松本	
5103	島内	
5104	島高松	
5106	梓橋	
5107	一日市場	
5108	中萱	
5109	南豊科	
510b	豊科	
510c	柏矢町	
510d	穂高	
510e	有明	
5110	安曇追分	
5111	細野	
5112	北細野	
5113	信濃松川	
5115	安曇沓掛	
5116	信濃常盤	
5117	南大町	
5118	信濃大町	
511a	北大町	
511b	信濃木崎	
511c	稲尾	
511d	海ノ口	
511e	簗場	
5120	南神城	
5121	神城	
5122	飯森	
5124	白馬	
5126	信濃森上	
5127	白馬大池	
5128	千国	
5129	南小谷	
512a	中土	
512b	北小谷	
512c	平岩	
512e	小滝	
512f	根知	
5130	頸城大野	
5132	姫川	
5201	塩尻	#unused
5202	広丘	
5203	村井	
5204	平田	
5205	南松本	
5206	松本	#unused
5207	田沢	
5208	明科	
5209	西条	
520a	坂北	
520b	聖高原	
520c	冠着	
520d	姨捨	
520e	稲荷山	
520f	篠ノ井	
5211	今井	
5213	川中島	
5215	安茂里	
5241	宇土	#unused
5242	緑川	
5243	住吉	
5244	肥後長浜	
5246	網田	
5247	赤瀬	
5248	石打ダム	
5249	波多浦	
524a	三角	
5301	小淵沢	#unused
5302	甲斐小泉	
5303	甲斐大泉	
5304	清里	
5306	野辺山	
5307	信濃川上	
5308	佐久広瀬	
5309	佐久海ノ口	
530b	海尻	
530c	松原湖	
530d	小海	
530e	馬流	
5310	高岩	
5311	八千穂	
5312	海瀬	
5313	羽黒下	
5315	青沼	
5316	臼田	
5317	龍岡城	
5318	太田部	
5319	中込	
531a	滑津	
531b	北中込	
531c	岩村田	
531d	佐久平	
531e	中佐都	
531f	美里	
5320	三岡	
5321	乙女	
5322	東小諸	
5323	小諸	
5357	吉松	
5358	栗野	
535a	大隅横川	
535b	植村	
535c	霧島温泉	
535d	嘉例川	
535f	中福良	
5360	表木山	
5361	日当山	
5401	豊野	
5402	信濃浅野	
5403	立ケ花	
5404	上今井	
5406	替佐	
5407	蓮	
5408	飯山	#unused
5409	北飯山	
540b	信濃平	
540c	戸狩野沢温泉	
540d	上境	
540e	上桑名川	
5410	桑名川	
5411	西大滝
5412	信濃白鳥	
5413	平滝	
5414	横倉	
5415	森宮野原	
5416	足滝	
5417	越後田中	
5419	津南	
541a	越後鹿渡	
541b	越後田沢	
541c	越後水沢	
541e	土市	
541f	十日町	
5420	魚沼中条	
5421	下条	
5423	越後岩沢	
5424	内ケ巻	
5425	越後川口	#unused
5426	小千谷	
5428	越後滝谷	
5501	柏崎	#unused
5502	東柏崎	
5503	西中通	
5504	荒浜	
5506	刈羽	
5507	西山	
5508	礼拝	
5509	石地	
550b	小木ノ城	
550c	出雲崎	
550d	妙法寺	
550e	小島谷	
5510	桐原	
5511	寺泊	
5512	分水	
5513	粟生津	
5514	南吉田	
5515	吉田	
5516	北吉田	
5517	岩室	
5518	巻	
5519	越後曽根	
551a	越後赤塚	
551b	内野西が丘	
551c	内野	
551d	新潟大学前	
551e	寺尾	
551f	小針	
5520	青山	
5521	関屋	
5522	白山	
5523	上所	?
5601	弥彦	
5602	矢作	
5603	吉田	
5604	西燕	
5605	燕	
5606	燕三条	
5607	北三条	
5640	ATMJRE外	?
5641	鹿児島中央	#unused
5642	郡元	
5643	南鹿児島	
5644	宇宿	
5646	谷山	
5647	慈眼寺	
5648	坂之上	
5649	五位野	
564b	平川	
564c	瀬々串	
564d	中名	
564e	喜入	
5650	前之浜	
5651	生見	
5652	薩摩今和泉	
5653	宮ケ浜	
5655	二月田	
5656	指宿	
5657	山川	
5659	大山	
565a	西大山	
565b	薩摩川尻	
565c	東開聞	
565e	開聞	
565f	入野	
5660	頴娃	
5661	西頴娃	
5663	御領	
5664	石垣	
5665	水成川	
5666	頴娃大川	
5668	松ケ浦	
5669	薩摩塩屋	
566a	白沢	
566b	薩摩板敷	
566d	枕崎	
5701	新発田	#unused
5702	西新発田	
5703	佐々木	
5704	黒山	
5706	豊栄	
5707	早通	
5708	新崎	
5709	大形	
570b	東新潟	
5801	多治見	#unused
5803	小泉	
5804	根本	
5806	姫	
5807	下切	
5809	可児	
580a	美濃川合	
5841	鳥栖	
5842	新鳥栖	
5843	肥前麓	
5845	中原	
5847	吉野ヶ里公園	
5848	神埼	
584a	伊賀屋	
584c	佐賀	
584e	鍋島	
584f	バルーンさが	#(臨)
5850	久保田	
5851	牛津	
5853	江北	2022-09-22/肥前山口
5855	肥前白石	
5857	肥前竜王	
5859	肥前鹿島	
585b	肥前浜	
585d	肥前七浦	
585e	肥前飯田	
5860	多良	
5862	肥前大浦	
5864	小長井	
5865	長里	
5866	湯江	
5867	小江	
5869	肥前長田	
586a	東諫早	
586b	諫早	
586c	西諫早	
586d	市布	
586e	喜々津	
5870	肥前古賀	
5871	現川	
5873	浦上	
5874	長崎	
5901	綾部	#unused
5903	淵垣	
5904	梅迫	
5906	真倉	
5907	西舞鶴	
5909	東舞鶴	
590b	松尾寺	
590c	青郷	
590d	三松	
590e	若狭高浜	
5910	若狭和田	
5911	若狭本郷	
5912	加斗	
5913	勢浜	
5915	小浜	
5916	東小浜	
5917	新平野	
5918	上中	
591a	若狭有田	
591b	大鳥羽	
591c	十村	
591d	藤井	
591f	三方	
5920	気山	
5921	美浜	
5922	東美浜	
5924	粟野	
5925	西敦賀	
5941	喜々津	#unused
5943	東園	
5945	大草	
5947	本川内	
5949	長与	
594b	高田	
5950	道ノ尾	
5951	西浦上	
5a01	豊岡	
5a02	コウノトリの郷	
5a09	網野	
5a0b	峰山	
5a10	天橋立	
5a12	宮津	
5a19	四所	
5a1b	西舞鶴	
5b01	大阪	#unused
5b02	福島	
5b03	野田	
5b04	西九条	
5b06	弁天町	
5b07	大正	
5b08	芦原橋	
5b0a	今宮	
5b0b	新今宮	
5b41	久保田	#unused
5b43	小城	
5b45	東多久	
5b46	中多久	
5b47	多久	
5b49	厳木	
5b4a	岩屋	
5b4b	相知	
5b4c	本牟田部	
5b4e	山本	
5b4f	鬼塚	
5b50	唐津	
5b51	西唐津	
5c01	西九条	#unused
5c02	安治川口	
5c03	ユニバーサルシティ	
5c04	桜島	
5c41	江北	#unused
5c43	大町	
5c44	北方	
5c46	高橋	
5c47	武雄温泉	
5c49	永尾	
5c4b	三間坂	
5c4d	上有田	
5c4e	有田	
5c50	三河内	
5c52	早岐	
5c53	大塔	
5c54	日宇	
5c56	佐世保	
5d06	塚口	
5d07	猪名寺	
5d08	伊丹	
5d0a	北伊丹	
5d0c	川西池田	
5d0f	中山寺	
5d11	宝塚	
5d12	生瀬	
5d14	西宮名塩	
5d15	武田尾	
5d17	道場	
5d19	三田	
5d1b	新三田	
5d1c	広野	
5d1e	相野	
5d20	藍本	
5d21	草野	
5d23	古市	
5d24	南矢代	
5d25	篠山口	
5d26	丹波大山	
5d29	谷川	
5d2b	柏原	
5d2c	石生	
5d2e	黒井	
5d30	市島	
5d31	丹波竹田	
5e13	日岡	
5e15	神野	
5e17	厄神	
5e18	市場	
5e19	小野町	
5e1a	粟生	
5e1c	河合西	
5e1d	青野ケ原	
5e1e	社町	
5e20	滝野	
5e22	滝	
5e23	西脇市	
5e24	新西脇	
5e25	比延	
5e27	日本へそ公園	
5e28	黒田庄	
5e2a	本黒田	
5e2b	船町口	
5e2d	久下村	
5e41	早岐	
5e42	ハウステンボス	
5e43	南風崎	
5e44	小串郷	
5e46	川棚	
5e47	彼杵	
5e48	千綿	
5e49	松原	
5e4a	大村車両基地	2022-09-22/
5e4b	竹松	
5e4c	新大村	2022-09-22/諏訪
5e4d	諏訪	2022-09-22/大村
5e4e	大村	2022-09-22/岩松
5e4f	岩松	2022-09-22/
5f01	JR難波	
5f02	今宮	#unused
5f03	新今宮	#unused
5f04	天王寺	#unused
5f05	東部市場前	
5f06	平野	
5f07	加美	
5f08	久宝寺	
5f09	八尾	
5f0b	志紀	
5f0c	柏原	
5f0d	高井田	
5f0e	河内堅上	
5f0f	三郷	
5f10	王寺	
5f12	法隆寺	
5f13	大和小泉	
5f14	郡山	
5f16	奈良	
5f18	平城山	
5f1a	木津	
5f1c	加茂	
5f1e	笠置	
5f1f	大河原	
5f20	月ケ瀬口	
5f21	島ケ原	
5f22	伊賀上野	
5f23	佐那具	
5f24	新堂	
5f26	柘植	
5f28	加太	
5f2a	関	
5f2d	井田川	
5f2e	加佐登	
5f30	河曲	
5f32	河原田	
5f34	南四日市	
5f36	四日市	
5f38	富田浜	
5f39	富田	
5f3a	朝日	
5f3b	桑名	
5f3d	長島	
5f3f	弥富	
5f41	永和	
5f42	蟹江	
5f43	春田	
5f44	八田	
6001	京都	#unused
6002	東福寺	
6003	稲荷	
6004	JR藤森	
6006	桃山	
6007	六地蔵	
6008	木幡	
6009	黄檗	
600c	宇治	
600d	JR小倉	
600e	新田	
6010	城陽	
6011	長池	
6013	山城青谷	
6014	山城多賀	
6015	玉水	
6017	棚倉	
6019	上狛	
601f	京終	
6020	帯解	
6021	櫟本	
6023	天理	
6024	長柄	
6025	柳本	
6026	巻向	
6028	三輪	
6029	桜井	
602a	香久山	
602b	畝傍	
602d	金橋	
602e	高田	
602f	JR五位堂	
6030	香芝	
6031	志都美	
6032	畠田	
60ff	京都鉄道博物館	*
6203	和田岬	
6241	久留米	
6242	久留米高校前	
6243	南久留米	
6244	久留米大学前	
6245	御井	
6247	善導寺	
6249	筑後草野	
624b	田主丸	
624d	筑後吉井	
624e	うきは	
624f	筑後大石	
6250	光岡	
6251	夜明	
6254	日田	
6255	豊後三芳	
6257	豊後中川	
6259	天ケ瀬	
625a	杉河内	
625b	北山田	
625c	豊後森	
625e	恵良	
625f	引治	
6260	豊後中村	
6261	野矢	
6263	由布院	
6264	南由布	
6265	湯平	
6266	庄内	
6268	天神山	
6269	小野屋	
626b	鬼瀬	
626c	向之原	
626e	豊後国分	
626f	賀来	
6270	南大分	
6271	古国府	
6301	天王寺	#unused
6302	美章園	
6303	南田辺	
6304	鶴ヶ丘	
6306	長居	
6307	我孫子町	
6308	杉本町	
6309	浅香	
630b	堺市	
630c	三国ヶ丘	
630d	百舌鳥	
630e	上野芝	
6310	津久野	
6311	鳳	
6312	富木	
6313	北信太	
6315	信太山	
6316	和泉府中	
6318	久米田	
6319	下松	
631b	東岸和田	
631c	東貝塚	
631e	和泉橋本	
631f	東佐野	
6321	熊取	
6323	日根野	
6324	長滝	
6326	新家	
6327	和泉砂川	
6329	和泉鳥取	
632a	山中渓	
632d	紀伊	
632f	六十谷	
6331	紀伊中ノ島	
6441	熊本	#unused
6442	平成	
6443	南熊本	
6444	新水前寺	
6446	水前寺	
6447	東海学園前	
6448	竜田口	
644a	武蔵塚	
644b	光の森	
644c	三里木	
644d	原水	
644e	肥後大津	
644f	瀬田	
6451	立野	
6452	赤水	
6453	市ノ川	
6454	内牧	
6456	阿蘇	
6457	いこいの村	
6458	宮地	
6459	波野	
645b	滝水	
645c	豊後荻	
645d	玉来	
645e	豊後竹田	
6460	朝地	
6461	緒方	
6462	豊後清川	
6463	三重町	
6465	菅尾	
6466	犬飼	
6468	竹中	
6469	中判田	
646b	大分大学前	
646c	敷戸	
646d	滝尾	
6581	池谷	
6582	阿波大谷	
6583	立道	
6584	教会前	
6586	金比羅前	
6567	撫養	
6568	鳴門	
6641	城野	#unused
6643	石田	
6644	志井公園	
6645	志井	
6646	石原町	
6647	呼野	
6649	採銅所	
664a	香春	
664b	一本松	
664c	田川伊田	
664d	田川後藤寺	
664e	池尻	
6650	豊前川崎	
6651	西添田	
6652	添田	
6653	歓遊舎ひこさん	
6654	豊前桝田	
6655	彦山	
6656	筑前岩屋	
6657	大行司	
6658	宝珠山	
665a	大鶴	
665b	今山	
6701	和田山	#unused
6702	竹田	
6704	青倉	
6705	新井	
6707	生野	
6708	長谷	
670a	寺前	
670b	新野	
670c	鶴居	
670d	甘地	
670f	福崎	
6710	溝口	
6711	香呂	
6712	仁豊野	
6714	砥堀	
6715	野里	
6716	京口	
6781	伊予大洲	#unused
6782	新谷	
6783	喜多山	
6784	五十崎	
6786	内子	
6881	北宇和島	#unused
6882	務田	
6883	伊予宮野下	
6884	二名	
6886	大内	
6887	深田	
6888	近永	
6889	出目	
688b	松丸	
688c	吉野生	
688d	真土	
688e	西ケ方	
6890	江川崎	
6991	半家	
6892	十川	
6893	土佐昭和	
6895	土佐大正	
6896	打井川	
6897	家地川	
6898	若井	
690c	京橋	
690d	鴫野	
690e	放出	
6910	徳庵	
6911	鴻池新田	
6912	住道	
6913	野崎	
6915	四条畷	
6916	忍ヶ丘	
6917	寝屋川公園	
6918	星田	
6919	河内磐船	
691a	津田	
691b	藤阪	
691c	長尾	
691d	松井山手	
691e	大住	
691f	京田辺	
6920	同志社前	
6921	JR三山木	
6922	下狛	
6923	祝園	
6924	西木津	
6981	佐古	#unused
6983	蔵本	
6984	鮎喰	
6985	府中	
6986	石井	
6987	下浦	
6988	牛島	
6989	麻植塚	
698b	鴨島	
698c	西麻植	
698d	阿波川島	
698e	学	
6990	山瀬	
6991	阿波山川	
6992	川田	
6993	穴吹	
6995	小島	
6996	貞光	
6997	阿波半田	
6998	江口	
699a	三加茂	
699b	阿波加茂	
699c	辻	
6a01	久宝寺	#unused
6a03	新加美	
6a05	衣摺加美北	
6a07	JR長瀬	
6a09	JR俊徳道	
6a0b	JR河内永和	
6a0d	高井田中央	
6a53	新八代	?
6a56	新水俣	?
6a59	出水	?
6b01	柘植	#unused
6b03	油日	
6b04	甲賀	
6b05	寺庄	
6b06	甲南	
6b08	貴生川	
6b0a	三雲	
6b0b	甲西	
6b0c	石部	
6b0e	手原	
6b40	嬉野温泉	?
6c41	南宮崎	#unused
6c42	田吉	
6c43	南方	
6c45	木花	
6c46	運動公園	
6c47	曽山寺	
6c49	子供の国	
6c4a	青島	
6c4b	折生迫	
6c4c	内海	
6c4e	小内海	
6c4f	伊比井	
6c51	北郷	
6c52	内之田	
6c54	飫肥	
6c55	日南	
6c57	油津	
6c58	大堂津	
6c5a	南郷	
6c5b	谷之口	
6c5d	榎原	
6c5e	日向大束	
6c60	日向北方	
6c61	串間	
6c62	福島今町	
6c63	福島高松	
6c65	大隅夏井	
6c66	志布志	
6c81	向井原	#unused
6c83	伊予大平	
6c85	伊予中山	
6c87	伊予立川	
6cc3	JR野江	
6cc5	城北公園通	
6cc7	JR淡路	
6cc9	南吹田	
6d01	京都	#unused
6d03	山科	#unused
6d05	大津京	
6d07	唐崎	
6d08	比叡山坂本	
6d09	おごと温泉	
6d0b	堅田	
6d0c	小野	
6d0d	和邇	
6d0f	蓬莱	
6d10	志賀	
6d12	比良	
6d13	近江舞子	
6d14	北小松	
6d17	近江高島	
6d18	安曇川	
6d19	新旭	
6d1a	近江今津	
6d1c	近江中庄	
6d1d	マキノ	
6d1f	永原	
6d41	都城	#unused
6d42	日向庄内	
6d43	谷頭	
6d44	万ケ塚	
6d46	東高崎	
6d47	高崎新田	
6d48	日向前田	
6d49	高原	
6d4b	広原	
6d4c	小林	
6d4d	西小林	
6d4e	えびの飯野	
6d50	えびの上江	
6d51	えびの	
6d52	京町温泉	
6d53	鶴丸	
6e08	大和新庄	
6e09	御所	
6e0a	玉手	
6e0b	掖上	
6e0d	吉野口	
6e0f	北宇智	
6e10	五条	
6e11	大和二見	
6e12	隅田	
6e14	下兵庫	
6e15	橋本	
6e16	紀伊山田	
6e17	高野口	
6e19	中飯降	
6e1a	妙寺	
6e1b	大谷	
6e1c	笠田	
6e1e	西笠田	
6e1f	名手	
6e20	粉河	
6e21	紀伊長田	
6e23	打田	
6e24	下井阪	
6e25	岩出	
6e26	船戸	
6e28	紀伊小倉	
6e29	布施屋	
6e2a	千旦	
6e2b	田井ノ瀬	
6e2e	紀和	
6e2f	和歌山市	
6f01	多気	#unused
6f02	外城田	
6f03	田丸	
6f04	宮川	
6f06	山田上口	
6f07	伊勢市	
6f08	五十鈴ケ丘	
6f09	二見浦	
6f0b	松下	
6f0c		2020-03-13/池の浦シーサイド
6f0d	鳥羽	
6f41	若松	
6f42	藤ノ木	
6f43	奥洞海	
6f44	二島	
6f45	本城	
6f48	東水巻	
6f49	中間	
6f4a	筑前垣生	
6f4b	鞍手	
6f4c	筑前植木	
6f4d	新入	
6f4e	直方	
6f4f	勝野	
6f51	小竹	
6f53	鯰田	
6f54	浦田	
6f55	新飯塚	
6f56	飯塚	
6f58	天道	
6f5b	上穂波	
6f5c	筑前内野	
6f5e	筑前山家	
7001	鳳	#unused
7002	東羽衣	
7021	日根野	#unused
7022	りんくうタウン	
7024	関西空港	
7101	津	
7103	東一身田	
7105	河芸	
7107	伊勢上野	
7109	中瀬古	
710a	徳田	
710b	鈴鹿サーキット稲生	
710d	玉垣	
710f	鈴鹿	
7111	河原田	
7201	松阪	#unused
7202	上ノ庄	
7203	権現前	
7204	伊勢八太	
7206	一志	
7207	井関	
7208	伊勢大井	
7209	伊勢川口	
720b	関ノ宮	
720c	家城	
720d	伊勢竹原	
720e	伊勢鎌倉	
7210	伊勢八知	
7211	比津	
7212	伊勢奥津	
7301	相生	#unused
7302	西相生	
7304	坂越	
7305	播州赤穂	
7306	天和	
7307	備前福河	
7309	寒河	
730a	日生	
730c	伊里	
730d	備前片上	
730e	西片上	
730f	伊部	
7311	香登	
7312	長船	
7313	邑久	
7314	大富	
7316	西大寺	
7317	大多羅	
7344	宮崎空港	
7401	姫路	#unused
7403	播磨高岡	
7404	余部	
7405	太市	
7407	本竜野	
7408	東觜崎	
7409	播磨新宮	
740b	千本	
740c	西栗栖	
740d	三日月	
740f	播磨徳久	
7410	佐用	
7411	上月	
7413	美作土居	
7414	美作江見	
7415	楢原	
7417	林野	
7419	勝間田	
741a	西勝間田	
741c	美作大崎	
741d	東津山	#unused
741e	津山	#unused
741f	院庄	
7420	美作千代	
7421	坪井	
7423	美作追分	
7424	美作落合	
7425	古見	
7427	久世	
7428	中国勝山	
7429	月田	
742b	富原	
742c	刑部	
742d	丹治部	
742f	岩山	
7441	新飯塚	#unused
7443	上三緒	
7444	下鴨生	
7445	筑前庄内	
7447	船尾	
7701	博多	#unused
7703	博多南	
780d	姪浜	
780e	下山門	
780f	今宿	
7810	九大学研都市	
7811	周船寺	
7813	波多江	
7814	糸島高校前	2019-03-15/
7815	筑前前原	
7816	美咲が丘	
7817	加布里	
7819	一貴山	
781b	筑前深江	
781d	大入	
781f	福吉	
7821	鹿家	
7823	浜崎	
7825	虹ノ松原	
7827	東唐津	
7828	和多田	
782d	肥前久保	
782e	西相知	
782f	佐里	
7830	駒鳴	
7832	大川野	
7833	肥前長野	
7834	桃川	
7835	金石原	
7837	上伊万里	
7838	伊万里	
7f01	東京	
7f03	浜松町	
7f05	大井町	
7f0b	小田原	
7f48	武蔵溝ノ口	
7f60	玉川上水	
7f67	渋谷	
7fb3	天王洲アイル	
7fbd	直江津	
7fe2	立川南	
7fe3	立川北	
7ff1	六日町	
7ff3	犀潟	
800e	京橋	
8013	西九条	
8015	江坂	
8016	川西能勢口	
801a	天神橋筋六丁目	
801b	野田	
801c	大阪梅田	
801f	淀屋橋	
8024	難波	
8028	新今宮	
8029	鶴橋	
802a	天王寺	
802b	長田	
802d	天下茶屋	
8032	中百舌鳥	
8039	門真市	
803a	柏原	
803c	三ノ宮	
803e	神戸高速線
8044	橋本	
8050	神戸高速線	
8052	魚崎	
8053	今津	
8055	四条河原町	
8058	貝塚	
805a	丹波橋	
805c	竹田	
805d	出町柳	
805e	東西線	
805f	京津線	
8065	福知山	
8066	豊岡	
8067	西舞鶴	
8068	上郡	
8069	佐用	
806a	智頭	
806c	清音	
806d	神辺	
808b	宮島口	
8090	窪川	
80b6	名古屋	
80ce	津	
80cf	松阪	
80d2	河原田	
80e3	敦賀	
80e4	福井	
80ef	糸魚川	
80f0	越前花堂	
80fb	博多	
80fe	姪浜	
