0	8101	熊谷
0	8115	樋口
0	8117	野上
0	8118	西中島南方
0	811b	上長瀞
0	811f	皆野
0	8121	和銅黒谷
0	8129	お花畑
0	813a	名古屋
0	813b	行田市
0	8143	羽生
0	8201	新木場
0	8203	東雲
0	8204	国際展示場
0	8205	東京テレポート
0	8206	天王洲アイル
0	8207	品川シーサイド
0	8208	大井町
0	820a	大崎
0	8241	新橋
0	8242	汐留
0	8244	竹芝
0	8245	日の出
0	8246	芝浦ふ頭
0	8248	お台場海浜公園
0	8249	台場
0	824a	船の科学館
0	824b	テレコムセンター
0	824c	青海
0	824e	国際展示場正門
0	824f	有明
0	8250	有明テニスの森
0	8252	市場前
0	8254	新豊洲
0	8256	豊洲
0	863e	札幌
0	8644	すすきの
0	8701	大宮
0	8703	鉄道博物館
0	8705	加茂宮
0	8707	東宮原
0	8709	今羽
0	870b	吉野原
0	870d	原市
0	870f	沼南
0	8711	丸山
0	8713	志久
0	8715	伊奈中央
0	8717	羽貫
0	8719	内宿
0	873c	西18丁目
0	8801	取手
0	8802	西取手
0	8803	寺原
0	8805	新取手
0	8806	ゆめみ野
0	8807	稲戸井
0	8808	戸頭
0	8809	南守谷
0	880b	守谷
0	880c	新守谷
0	880d	小絹
0	880f	水海道
0	8810	北水海道
0	8811	中妻
0	8813	三妻
0	8815	南石下
0	8817	石下
0	8818	玉村
0	8819	宗道
0	881b	下妻
0	881d	大宝
0	881f	騰波ノ江
0	8821	黒子
0	8823	大田郷
0	8825	下館
0	884c	福住
0	8a01	佐貫
0	8a03	入地
0	8a05	竜ケ崎
0	8b07	仙台空港
0	8c01	銚子
0	8c0d	犬吠
0	8d01	馬橋
0	8f01	藤沢
0	8f03	石上
0	8f05	柳小路
0	8f07	鵠沼
0	8f09	湘南海岸公園
0	8f0b	江ノ島
0	8f0d	腰越
0	8f0f	鎌倉高校前
0	8f11	七里ヶ浜
0	8f13	稲村ケ崎
0	8f15	極楽寺
0	8f17	長谷
0	8f19	由比ヶ浜
0	8f1b	和田塚
0	8f1d	鎌倉
0	9001	小田原
0	9003	箱根板橋
0	9005	風祭
0	9007	入生田
0	9009	箱根湯本
0	900a	塔ノ沢
0	900b	大平台
0	900d	宮ノ下
0	900f	小涌谷
0	9011	彫刻の森
0	9013	強羅
0	9201	横浜
0	9202	平沼橋
0	9203	西横浜
0	9204	天王町
0	9205	星川
0	9206	和田町
0	9207	上星川
0	9208	西谷
0	9209	鶴ケ峰
0	920a	二俣川
0	920b	希望ケ丘
0	920c	三ツ境
0	920d	瀬谷
0	920e	大和
0	920f	相模大塚
0	9210	さがみ野
0	9211	かしわ台
0	9212	海老名
0	9301	二俣川
0	9302	南万騎が原
0	9303	緑園都市
0	9304	弥生台
0	9305	いずみ野
0	9307	いずみ中央
0	9308	ゆめが丘
0	9309	湘南台
0	9401	新杉田
0	9403	南部市場
0	9404	ドーム前
0	9405	鳥浜
0	9407	並木北
0	9409	並木中央
0	940b	幸浦
0	940d	産業振興センター
0	940f	福浦
0	9411	市大医学部
0	9413	八景島
0	9415	海の公園柴口
0	9417	海の公園南口
0	9419	野島公園
0	941b	金沢八景
0	9501	水戸
0	9503	東水戸
0	9505	常澄
0	9507	大洗
0	9509	涸沼
0	950b	鹿島旭
0	950d	徳宿
0	950f	新鉾田
0	9511	北浦湖畔
0	9513	大洋
0	9515	鹿島灘
0	9517	鹿島大野
0	9518	長者ヶ浜潮騒はまなす公園前
0	9519	荒野台
0	951b	鹿島サッカースタジアム
0	9704	関内
0	9706	伊勢佐木長者町
0	9708	阪東橋
0	970a	吉野町
0	970c	蒔田
0	970e	弘明寺
0	9710	上大岡
0	9712	港南中央
0	9714	上永谷
0	9716	下永谷
0	9718	舞岡
0	971a	戸塚
0	971c	踊場
0	971e	中田
0	9720	立場
0	9722	下飯田
0	9724	湘南台
0	9914	関内
0	9916	桜木町
0	9918	高島町
0	991a	横浜
0	991c	三ツ沢下町
0	991e	三ツ沢上町
0	9920	片倉町
0	9922	岸根公園
0	9924	新横浜
0	9926	北新横浜
0	9928	新羽
0	992a	仲町台
0	992c	センター南
0	992e	センター北
0	9930	中川
0	9932	あざみ野
0	9a0c	日吉
0	9a0e	日吉本町
0	9a10	高田
0	9a12	東山田
0	9a14	北山田
0	9a16	センター北
0	9a18	センター南
0	9a1a	都筑ふれあいの丘
0	9a1c	川和町
0	9a1e	中山
0	9d01	浅草
0	9d02	業平橋
0	9d02	とうきょうスカイツリー＋
0	9d03	曳舟
0	9d04	東向島
0	9d05	鐘ケ淵
0	9d06	堀切
0	9d07	牛田
0	9d08	北千住
0	9d09	小菅
0	9d0a	五反野
0	9d0b	梅島
0	9d0c	西新井
0	9d0e	竹ノ塚
0	9d10	谷塚
0	9d11	草加
0	9d12	松原団地
0	9d13	新田
0	9d14	蒲生
0	9d15	新越谷
0	9d16	越谷
0	9d17	北越谷
0	9d19	大袋
0	9d1a	せんげん台
0	9d1b	武里
0	9d1c	一ノ割
0	9d1e	春日部
0	9d1f	北春日部
0	9d20	姫宮
0	9d22	東武動物公園
0	9d24	和戸
0	9d26	久喜
0	9d29	鷲宮
0	9d2b	花崎
0	9d2d	加須
0	9d30	南羽生
0	9d32	羽生
0	9d35	川俣
0	9d36	茂林寺前
0	9d38	館林
0	9d3a	多々良
0	9d3c	県
0	9d3e	福居
0	9d3f	東武和泉
0	9d40	足利市
0	9d41	野州山辺
0	9d43	韮川
0	9d45	太田
0	9d47	細谷
0	9d49	木崎
0	9d4b	世良田
0	9d4d	境町
0	9d4f	剛志
0	9d51	新伊勢崎
0	9d52	伊勢崎
0	9e01	曳舟
0	9e02	小村井
0	9e03	東あずま
0	9e04	亀戸水神
0	9e05	亀戸
0	9f01	西新井
0	9f02	大師前
0	9f2d	桂
0	a001	葛生
0	a003	多田
0	a004	田沼
0	a006	吉水
0	a008	堀米
0	a009	佐野
0	a00a	佐野市
0	a00d	田島
0	a010	渡瀬
0	a014	成島
0	a016	本中野
0	a018	篠塚
0	a019	東小泉
0	a01a	小泉町
0	a01b	西小泉
0	a101	東小泉
0	a103	竜舞
0	a105	太田
0	a107	三枚橋
0	a109	治良門橋
0	a10b	藪塚
0	a10d	阿左美
0	a10e	新桐生
0	a110	相老
0	a112	赤城
0	a203	杉戸高野台
0	a204	幸手
0	a205	南栗橋
0	a207	栗橋
0	a20a	新古河
0	a20c	柳生
0	a20d	板倉東洋大前
0	a20f	藤岡
0	a212	静和
0	a214	新大平下
0	a217	栃木
0	a219	新栃木
0	a21b	合戦場
0	a21d	家中
0	a220	東武金崎
0	a223	楡木
0	a225	樅山
0	a227	新鹿沼
0	a229	北鹿沼
0	a22c	板荷
0	a22e	下小代
0	a230	明神
0	a233	下今市
0	a234	上今市
0	a237	東武日光
0	a301	新栃木
0	a302	野州平川
0	a303	野州大塚
0	a305	壬生
0	a307	国谷
0	a308	おもちゃのまち
0	a30a	安塚
0	a30c	西川田
0	a30d	江曾島
0	a30e	南宇都宮
0	a310	東武宇都宮
0	a401	下今市
0	a402	大谷向
0	a404	大桑
0	a406	新高徳
0	a408	小佐越
0	a40a	鬼怒川温泉
0	a40b	鬼怒川公園
0	a40c	新藤原
0	a501	大宮
0	a502	北大宮
0	a503	大宮公園
0	a504	大和田
0	a505	七里
0	a507	岩槻
0	a509	東岩槻
0	a50a	豊春
0	a50b	八木崎
0	a50d	春日部
0	a50e	藤の牛島
0	a510	南桜井
0	a512	川間
0	a514	七光台
0	a515	清水公園
0	a516	愛宕
0	a517	野田市
0	a519	梅郷
0	a51b	運河
0	a51c	江戸川台
0	a51d	初石
0	a51e	流山おおたかの森
0	a51f	豊四季
0	a521	柏
0	a523	新柏
0	a524	増尾
0	a525	逆井
0	a527	高柳
0	a528	六実
0	a529	新鎌ヶ谷
0	a52a	鎌ヶ谷
0	a52c	馬込沢
0	a52e	塚田
0	a52f	新船橋
0	a530	船橋
0	a801	曳舟
0	a803	押上
0	a901	池袋
0	a902	北池袋
0	a903	下板橋
0	a904	大山
0	a905	中板橋
0	a906	ときわ台
0	a907	上板橋
0	a908	東武練馬
0	a909	下赤塚
0	a90a	成増
0	a90c	和光市
0	a90d	朝霞
0	a90e	朝霞台
0	a90f	志木
0	a910	柳瀬川
0	a911	みずほ台
0	a912	鶴瀬
0	a913	ふじみ野
0	a914	上福岡
0	a916	新河岸
0	a918	川越
0	a919	川越市
0	a91b	霞ヶ関
0	a91d	鶴ヶ島
0	a91e	若葉
0	a91f	坂戸
0	a920	北坂戸
0	a922	高坂
0	a924	東松山
0	a926	森林公園
0	a928	つきのわ
0	a929	武蔵嵐山
0	a92c	小川町
0	a92e	東武竹沢
0	a930	男衾
0	a932	鉢形
0	a933	玉淀
0	a934	寄居
0	aa01	坂戸
0	aa03	一本松
0	aa04	西大家
0	aa05	川角
0	aa06	武州長瀬
0	aa07	東毛呂
0	aa08	武州唐沢
0	aa09	越生
0	ae01	印旛日本医大
0	ae03	成田湯川
0	ae07	空港第2ビル
0	ae09	成田空港
0	af01	京成上野
0	af03	日暮里
0	af04	新三河島
0	af05	町屋
0	af06	千住大橋
0	af07	京成関屋
0	af08	堀切菖蒲園
0	af09	お花茶屋
0	af0a	青砥
0	af0b	京成高砂
0	af0d	京成小岩
0	af0e	江戸川
0	af0f	国府台
0	af10	市川真間
0	af11	菅野
0	af12	京成八幡
0	af13	鬼越
0	af14	京成中山
0	af15	東中山
0	af16	京成西船
0	af17	海神
0	af19	京成船橋
0	af1b	大神宮下
0	af1c	船橋競馬場
0	af1d	谷津
0	af1f	京成津田沼
0	af21	京成大久保
0	af23	実籾
0	af25	八千代台
0	af27	京成大和田
0	af29	勝田台
0	af2b	志津
0	af2c	ユーカリが丘
0	af2e	京成臼井
0	af31	京成佐倉
0	af33	大佐倉
0	af35	京成酒々井
0	af37	宗吾参道
0	af39	公津の杜
0	af3a	京成成田
0	af3d	東成田
0	b001	青砥
0	b002	京成立石
0	b003	四ッ木
0	b004	八広
0	b005	京成曳舟
0	b006	押上
0	b101	京成高砂
0	b102	柴又
0	b104	金町
0	b201	京成津田沼
0	b203	京成幕張本郷
0	b204	京成幕張
0	b206	検見川
0	b208	京成稲毛
0	b20a	みどり台
0	b20b	西登戸
0	b20c	新千葉
0	b20d	京成千葉
0	b20e	千葉中央
0	b301	京成成田
0	b304	空港第2ビル
0	b305	成田空港
0	b401	東成田
0	b403	芝山千代田
0	b501	千葉中央
0	b504	千葉寺
0	b506	大森台
0	b509	学園前
0	b50b	おゆみ野
0	b50e	ちはら台
0	b601	松戸
0	b602	上本郷
0	b603	松戸新田
0	b604	みのり台
0	b605	八柱
0	b606	常盤平
0	b608	五香
0	b609	元山
0	b60a	くぬぎ山
0	b60b	北初富
0	b60c	新鎌ヶ谷
0	b60d	初富
0	b60e	鎌ヶ谷大仏
0	b60f	二和向台
0	b610	三咲
0	b611	滝不動
0	b612	高根公団
0	b613	高根木戸
0	b614	北習志野
0	b615	習志野
0	b616	薬園台
0	b617	前原
0	b618	新津田沼
0	b619	京成津田沼
0	b801	西船橋
0	b803	東海神
0	b806	飯山満
0	b808	北習志野
0	b809	船橋日大前
0	b80b	八千代緑が丘
0	b80e	八千代中央
0	b810	村上
0	b811	東葉勝田台
0	b901	京成高砂
0	b902	新柴又
0	b903	矢切
0	b904	北国分
0	b906	秋山
0	b907	東松戸
0	b90c	松飛台
0	b90e	大町
0	b910	新鎌ケ谷
0	b912	西白井
0	b914	白井
0	b916	小室
0	b919	千葉ニュータウン中央
0	b91d	印西牧の原
0	b921	印旛日本医大
0	ba01	池袋
0	ba03	椎名町
0	ba04	東長崎
0	ba05	江古田
0	ba06	桜台
0	ba07	練馬
0	ba08	豊島園
0	ba09	小竹向原
0	ba0a	新桜台
0	ba0b	中村橋
0	ba0c	富士見台
0	ba0d	練馬高野台
0	ba0e	石神井公園
0	ba0f	大泉学園
0	ba10	保谷
0	ba12	ひばりケ丘
0	ba13	東久留米
0	ba14	清瀬
0	ba16	秋津
0	ba1d	所沢
0	ba1f	西所沢
0	ba20	下山口
0	ba22	西武球場前
0	ba24	小手指
0	ba26	狭山ヶ丘
0	ba27	武蔵藤沢
0	ba2a	稲荷山公園
0	ba2b	入間市
0	ba2d	仏子
0	ba2e	元加治
0	ba30	飯能
0	ba31	東飯能
0	ba32	武蔵丘
0	ba33	高麗
0	ba35	武蔵横手
0	ba37	東吾野
0	ba3a	吾野
0	ba3c	西吾野
0	ba3e	正丸
0	ba42	芦ヶ久保
0	ba45	横瀬
0	ba47	西武秩父
0	bd01	西武新宿
0	bd03	高田馬場
0	bd04	下落合
0	bd05	中井
0	bd06	新井薬師前
0	bd07	沼袋
0	bd08	野方
0	bd09	都立家政
0	bd0a	鷺ノ宮
0	bd0b	下井草
0	bd0c	井荻
0	bd0d	上井草
0	bd0e	上石神井
0	bd0f	武蔵関
0	bd10	東伏見
0	bd11	西武柳沢
0	bd12	田無
0	bd14	花小金井
0	bd16	小平
0	bd18	久米川
0	bd19	東村山
0	bd1d	所沢
0	bd1f	航空公園
0	bd20	新所沢
0	bd23	入曽
0	bd25	狭山市
0	bd27	新狭山
0	bd29	南大塚
0	bd2e	本川越
0	be01	国分寺
0	be03	恋ヶ窪
0	be04	鷹の台
0	be09	小川
0	be19	東村山
0	be1b	西武園
0	be23	祇園新橋北
0	bf01	拝島
0	bf03	西武立川
0	bf04	武蔵砂川
0	bf06	玉川上水
0	bf07	東大和市
0	bf09	小川
0	bf0a	萩山
0	bf16	小平
0	c001	国分寺
0	c003	一橋学園
0	c004	青梅街道
0	c00a	萩山
0	c00b	八坂
0	c00d	武蔵大和
0	c00e	西武遊園地
0	c00f	遊園地西
0	c011	西武球場前
0	c013	下山口
0	c101	小竹向原
0	c103	新桜台
0	c107	練馬
0	c108	豊島園
0	c201	武蔵境
0	c202	新小金井
0	c204	多磨
0	c205	白糸台
0	c206	競艇場前
0	c207	是政
0	c405	秋葉原
0	c407	新御徒町
0	c409	浅草
0	c40b	南千住
0	c40d	北千住
0	c410	青井
0	c412	六町
0	c415	八潮
0	c418	三郷中央
0	c41a	南流山
0	c41c	流山セントラルパーク
0	c41e	流山おおたかの森
0	c421	柏の葉キャンパス
0	c423	柏たなか
0	c427	守谷
0	c42a	みらい平
0	c42d	みどりの
0	c430	万博記念公園
0	c433	研究学園
0	c436	つくば
0	c501	新宿
0	c502	初台
0	c503	幡ケ谷
0	c504	笹塚
0	c505	代田橋
0	c506	明大前
0	c507	下高井戸
0	c508	桜上水
0	c509	上北沢
0	c50a	八幡山
0	c50b	芦花公園
0	c50c	千歳烏山
0	c50d	仙川
0	c50e	つつじケ丘
0	c50f	柴崎
0	c510	国領
0	c511	布田
0	c512	調布
0	c513	西調布
0	c514	飛田給
0	c515	武蔵野台
0	c516	多磨霊園
0	c517	東府中
0	c518	府中
0	c519	分倍河原
0	c51a	中河原
0	c51b	聖蹟桜ケ丘
0	c51c	百草園
0	c51d	高幡不動
0	c51e	南平
0	c51f	平山城址公園
0	c520	長沼
0	c521	北野
0	c522	京王八王子
0	c701	調布
0	c702	京王多摩川
0	c703	京王稲田堤
0	c704	京王よみうりランド
0	c705	稲城
0	c706	若葉台
0	c707	京王永山
0	c708	京王多摩センター
0	c709	京王堀之内
0	c70a	南大沢
0	c70a	南大沢
0	c70b	多摩境
0	c70c	橋本
0	c801	北野
0	c802	京王片倉
0	c803	山田
0	c804	めじろ台
0	c805	狭間
0	c806	高尾
0	c807	高尾山口
0	c901	東府中
0	c902	府中競馬正門前
0	ca01	高幡不動
0	ca02	多摩動物公園
0	cb01	渋谷
0	cb02	神泉
0	cb03	駒場東大前
0	cb04	池ノ上
0	cb05	下北沢
0	cb06	新代田
0	cb07	東松原
0	cb08	明大前
0	cb09	永福町
0	cb0a	西永福
0	cb0b	浜田山
0	cb0c	高井戸
0	cb0d	富士見ケ丘
0	cb0e	久我山
0	cb0f	三鷹台
0	cb10	井の頭公園
0	cb11	吉祥寺
0	ce05	横浜
0	ce07	反町
0	ce08	東白楽
0	ce09	白楽
0	ce0a	妙蓮寺
0	ce0c	菊名
0	ce0e	大倉山
0	ce0f	綱島
0	ce11	日吉
0	ce12	元住吉
0	ce14	武蔵小杉
0	ce16	新丸子
0	ce19	多摩川
0	ce1a	田園調布
0	ce1e	自由が丘
0	ce1f	都立大学
0	ce20	学芸大学
0	ce21	祐天寺
0	ce23	中目黒
0	ce25	代官山
0	ce26	渋谷
0	cf12	蒲田
0	cf14	矢口渡
0	cf15	武蔵新田
0	cf16	下丸子
0	cf17	鵜の木
0	cf18	沼部
0	cf19	多摩川
0	cf1a	田園調布
0	cf1b	奥沢
0	cf1c	大岡山
0	cf1d	洗足
0	cf1e	西小山
0	cf1f	武蔵小山
0	cf20	不動前
0	cf21	目黒
0	d002	大井町
0	d003	下神明
0	d004	戸越公園
0	d005	中延
0	d006	荏原町
0	d007	旗の台
0	d008	北千束
0	d01c	大岡山
0	d01d	緑が丘
0	d01e	自由が丘
0	d01f	九品仏
0	d020	尾山台
0	d021	等々力
0	d022	上野毛
0	d023	二子玉川
0	d024	二子新地
0	d025	高津
0	d027	溝の口
0	d029	梶が谷
0	d02a	宮崎台
0	d02b	宮前平
0	d02c	鷺沼
0	d02d	たまプラーザ
0	d02e	あざみ野
0	d02f	江田
0	d030	市が尾
0	d031	藤が丘
0	d032	青葉台
0	d033	田奈
0	d035	長津田
0	d037	つくし野
0	d039	すずかけ台
0	d03b	南町田
0	d03d	つきみ野
0	d03f	中央林間
0	d102	五反田
0	d103	大崎広小路
0	d104	戸越銀座
0	d105	荏原中延
0	d107	旗の台
0	d108	長原
0	d109	洗足池
0	d10a	石川台
0	d10b	雪が谷大塚
0	d10c	御嶽山
0	d10d	久が原
0	d10e	千鳥町
0	d10f	池上
0	d110	蓮沼
0	d112	蒲田
0	d202	渋谷
0	d204	池尻大橋
0	d206	三軒茶屋
0	d208	駒沢大学
0	d20a	桜新町
0	d20c	用賀
0	d20e	二子玉川
0	d306	三軒茶屋
0	d308	西太子堂
0	d309	若林
0	d30a	松陰神社前
0	d30b	世田谷
0	d30c	上町
0	d30d	宮の坂
0	d30f	山下
0	d311	松原
0	d312	下高井戸
0	d335	長津田
0	d337	恩田
0	d33a	こどもの国
0	d401	横浜
0	d403	新高島
0	d405	みなとみらい
0	d407	馬車道
0	d409	日本大通
0	d409	日本大通り
0	d40b	元町・中華街
0	d501	泉岳寺
0	d502	品川
0	d503	北品川
0	d504	新馬場
0	d506	青物横丁
0	d507	鮫洲
0	d508	立会川
0	d509	大森海岸
0	d50a	平和島
0	d50b	大森町
0	d50c	梅屋敷
0	d50d	京急蒲田
0	d50e	雑色
0	d50f	六郷土手
0	d510	京急川崎
0	d511	八丁畷
0	d512	鶴見市場
0	d513	京急鶴見
0	d514	花月園前
0	d515	生麦
0	d516	京急新子安
0	d517	子安
0	d518	神奈川新町
0	d519	京急東神奈川
0	d51a	神奈川
0	d51b	横浜
0	d51c	戸部
0	d51d	日ノ出町
0	d51e	黄金町
0	d51f	南太田
0	d520	井土ヶ谷
0	d521	弘明寺
0	d522	上大岡
0	d524	屏風浦
0	d525	杉田
0	d527	京急富岡
0	d528	能見台
0	d529	金沢文庫
0	d52a	金沢八景
0	d52b	追浜
0	d52c	京急田浦
0	d52e	安針塚
0	d52f	逸見
0	d530	汐入
0	d531	横須賀中央
0	d532	県立大学
0	d533	堀ノ内
0	d534	京急大津
0	d535	馬堀海岸
0	d536	浦賀
0	d601	京急蒲田
0	d602	糀谷
0	d603	大鳥居
0	d604	穴守稲荷
0	d605	天空橋
0	d606	羽田空港第3ターミナル
0	d607	羽田空港第1・第2ターミナル
0	d701	京急川崎
0	d702	港町
0	d703	鈴木町
0	d704	川崎大師
0	d705	東門前
0	d706	大師橋
0	d707	小島新田
0	d801	金沢八景
0	d802	六浦
0	d804	神武寺
0	d806	逗子・葉山
0	d901	堀ノ内
0	d902	新大津
0	d903	北久里浜
0	d905	京急久里浜
0	d906	YRP野比
0	d907	京急長沢
0	d908	津久井浜
0	d909	三浦海岸
0	d90a	三崎口
0	de01	新百合ヶ丘
0	de02	五月台
0	de03	栗平
0	de04	黒川
0	de05	はるひ野
0	de06	小田急永山
0	de08	小田急多摩センター
0	de0a	唐木田
0	e001	新宿
0	e002	南新宿
0	e003	参宮橋
0	e004	代々木八幡
0	e005	代々木上原
0	e006	東北沢
0	e007	下北沢
0	e008	世田谷代田
0	e009	梅ヶ丘
0	e00a	豪徳寺
0	e00b	経堂
0	e00c	千歳船橋
0	e00d	祖師ヶ谷大蔵
0	e00e	成城学園前
0	e00f	喜多見
0	e011	狛江
0	e012	和泉多摩川
0	e013	登戸
0	e014	向ヶ丘遊園
0	e015	生田
0	e016	読売ランド前
0	e017	百合ヶ丘
0	e018	新百合ヶ丘
0	e019	柿生
0	e01a	鶴川
0	e01c	玉川学園前
0	e01e	町田
0	e01f	相模大野
0	e021	小田急相模原
0	e022	相武台前
0	e023	座間
0	e025	海老名
0	e026	厚木
0	e027	本厚木
0	e029	愛甲石田
0	e02b	伊勢原
0	e02d	鶴巻温泉
0	e02e	東海大学前
0	e030	秦野
0	e032	渋沢
0	e034	新松田
0	e036	開成
0	e037	栢山
0	e038	富水
0	e039	螢田
0	e03a	足柄
0	e03b	小田原
0	e101	相模大野
0	e102	東林間
0	e103	中央林間
0	e104	南林間
0	e105	鶴間
0	e107	大和
0	e108	桜ヶ丘
0	e109	高座渋谷
0	e10b	長後
0	e10c	湘南台
0	e10d	六会日大前
0	e10e	善行
0	e10f	藤沢本町
0	e110	藤沢
0	e111	本鵠沼
0	e112	鵠沼海岸
0	e114	片瀬江ノ島
0	e32c	浅草
0	e32d	田原町
0	e32e	稲荷町
0	e32f	上野
0	e330	上野広小路
0	e331	末広町
0	e332	神田
0	e333	三越前
0	e334	日本橋
0	e335	京橋
0	e336	銀座
0	e337	新橋
0	e338	虎ノ門
0	e339	溜池山王
0	e33a	赤坂見附
0	e33b	青山一丁目
0	e33c	外苑前
0	e33d	表参道
0	e33e	渋谷
0	e347	北綾瀬
0	e348	綾瀬
0	e34a	北千住
0	e34c	町屋
0	e34d	西日暮里
0	e34e	千駄木
0	e34f	根津
0	e350	湯島
0	e351	新御茶ノ水
0	e353	大手町
0	e354	二重橋前
0	e355	日比谷
0	e356	霞ヶ関
0	e357	国会議事堂前
0	e358	赤坂
0	e359	乃木坂
0	e35b	表参道
0	e35c	明治神宮前
0	e35d	代々木公園
0	e35e	代々木上原
0	e365	和光市
0	e366	地下鉄成増
0	e368	地下鉄赤塚
0	e36a	平和台
0	e36b	氷川台
0	e36d	小竹向原
0	e36e	千川
0	e36f	要町
0	e370	池袋
0	e371	東池袋
0	e372	護国寺
0	e373	江戸川橋
0	e375	飯田橋
0	e376	市ヶ谷
0	e377	麹町
0	e378	永田町
0	e379	桜田門
0	e37a	有楽町
0	e37b	銀座一丁目
0	e37c	新富町
0	e37d	月島
0	e37e	豊洲
0	e37f	辰巳
0	e380	新木場
0	e425	北千住
0	e427	南千住
0	e428	三ノ輪
0	e429	入谷
0	e42a	上野
0	e42b	仲御徒町
0	e42c	秋葉原
0	e42d	小伝馬町
0	e42e	人形町
0	e42f	茅場町
0	e430	八丁堀
0	e431	築地
0	e432	東銀座
0	e433	銀座
0	e434	日比谷
0	e435	霞ヶ関
0	e437	神谷町
0	e439	六本木
0	e43b	広尾
0	e43d	恵比寿
0	e43e	中目黒
0	e441	中野
0	e443	落合
0	e445	高田馬場
0	e447	早稲田
0	e448	神楽坂
0	e449	飯田橋
0	e44a	九段下
0	e44b	竹橋
0	e44c	大手町
0	e44d	日本橋
0	e44e	茅場町
0	e450	門前仲町
0	e451	木場
0	e452	東陽町
0	e453	南砂町
0	e454	西葛西
0	e455	葛西
0	e457	浦安
0	e458	南行徳
0	e459	行徳
0	e45a	妙典
0	e45c	原木中山
0	e45e	西船橋
0	e521	池袋
0	e523	新大塚
0	e524	茗荷谷
0	e526	後楽園
0	e527	本郷三丁目
0	e528	御茶ノ水
0	e529	淡路町
0	e52a	大手町
0	e52b	東京
0	e52c	銀座
0	e52d	霞ヶ関
0	e52e	国会議事堂前
0	e52f	赤坂見附
0	e530	四ッ谷
0	e531	四谷三丁目
0	e532	新宿御苑前
0	e533	新宿三丁目
0	e534	新宿
0	e535	西新宿
0	e536	中野坂上
0	e537	新中野
0	e538	東高円寺
0	e539	新高円寺
0	e53a	南阿佐ヶ谷
0	e53c	荻窪
0	e541	中野坂上
0	e542	中野新橋
0	e543	中野富士見町
0	e544	方南町
0	e621	渋谷
0	e626	永田町
0	e627	半蔵門
0	e628	九段下
0	e629	神保町
0	e62b	大手町
0	e62c	三越前
0	e62d	水天宮前
0	e62f	清澄白河
0	e631	住吉
0	e633	錦糸町
0	e635	押上
0	e701	小竹向原
0	e704	池袋駅
0	e705	藤崎
0	e706	雑司が谷
0	e708	西早稲田
0	e70a	東新宿
0	e70c	新宿三丁目
0	e70e	北参道
0	e710	明治神宮前
0	e712	渋谷
0	e724	目黒
0	e725	白金台
0	e726	白金高輪
0	e728	麻布十番
0	e729	六本木一丁目
0	e72a	溜池山王
0	e72c	永田町
0	e72e	四ッ谷
0	e730	市ヶ谷
0	e732	飯田橋
0	e733	後楽園
0	e734	東大前
0	e735	本駒込
0	e736	駒込
0	e737	西ヶ原
0	e738	王子
0	e739	王子神谷
0	e73b	志茂
0	e73c	赤羽岩淵
0	ed01	赤羽岩淵
0	ed02	川口元郷
0	ed04	南鳩ケ谷
0	ed06	鳩ケ谷
0	ed08	新井宿
0	ed0a	戸塚安行
0	ed0c	東川口
0	ed0e	浦和美園
0	ee01	リゾートゲートウェイ
0	ee02	東京ディズニーランド
0	ee04	ベイサイド
0	ee06	東京ディズニーシー
0	ef01	押上
0	ef02	本所吾妻橋
0	ef03	浅草
0	ef04	蔵前
0	ef05	浅草橋
0	ef06	東日本橋
0	ef07	人形町
0	ef08	日本橋
0	ef09	宝町
0	ef0a	東銀座
0	ef0b	新橋
0	ef0c	大門
0	ef0d	三田
0	ef0e	泉岳寺
0	ef0f	高輪台
0	ef10	五反田
0	ef11	戸越
0	ef12	中延
0	ef13	馬込
0	ef14	西馬込
0	f027	西高島平
0	f028	新高島平
0	f029	高島平
0	f02a	西台
0	f02b	蓮根
0	f02c	志村三丁目
0	f02d	志村坂上
0	f02e	本蓮沼
0	f02f	板橋本町
0	f030	板橋区役所前
0	f031	新板橋
0	f032	西巣鴨
0	f033	巣鴨
0	f034	千石
0	f035	白山
0	f036	春日
0	f037	水道橋
0	f038	神保町
0	f039	大手町
0	f03a	日比谷
0	f03b	内幸町
0	f03c	御成門
0	f03d	芝公園
0	f03e	三田
0	f040	白金高輪
0	f042	白金台
0	f044	目黒
0	f101	新宿
0	f102	新宿三丁目
0	f103	曙橋
0	f104	市ヶ谷
0	f105	九段下
0	f106	神保町
0	f107	小川町
0	f108	岩本町
0	f109	馬喰横山
0	f10a	浜町
0	f10b	森下
0	f10c	菊川
0	f10d	住吉
0	f10e	西大島
0	f10f	大島
0	f111	東大島
0	f113	船堀
0	f115	一之江
0	f117	瑞江
0	f119	篠崎
0	f11b	本八幡
0	f204	森下
0	f206	清澄白河
0	f208	門前仲町
0	f20a	月島
0	f20c	勝どき
0	f20e	築地市場
0	f210	汐留
0	f212	大門
0	f214	赤羽橋
0	f216	麻布十番
0	f218	六本木
0	f21a	青山一丁目
0	f21c	国立競技場
0	f21e	代々木
0	f220	新宿
0	f222	都庁前
0	f224	西新宿五丁目
0	f226	中野坂上
0	f228	東中野
0	f22a	中井
0	f22c	落合南長崎
0	f22e	新江古田
0	f230	練馬
0	f232	豊島園
0	f234	練馬春日町
0	f236	光が丘
0	f303	森下
0	f305	両国
0	f307	蔵前
0	f309	新御徒町
0	f30b	上野御徒町
0	f30d	本郷三丁目
0	f30f	春日
0	f311	飯田橋
0	f313	牛込神楽坂
0	f315	牛込柳町
0	f317	若松河田
0	f319	東新宿
0	f31b	新宿西口
0	f31d	都庁前
0	f406	日暮里
0	f408	西日暮里
0	f40a	赤土小学校前
0	f40c	熊野前
0	f40e	足立小台
0	f410	扇大橋
0	f412	高野
0	f414	江北
0	f416	西新井大師西
0	f418	谷在家
0	f41a	舎人公園
0	f41c	舎人
0	f41e	見沼代親水公園
0	f61f	多摩センター
0	f621	松が谷
0	f623	大塚・帝京大学
0	f625	中央大学・明星大学
0	f627	多摩動物公園
0	f629	程久保
0	f62b	高幡不動
0	f62d	万願寺
0	f62f	甲州街道
0	f631	柴崎体育館
0	f633	立川南
0	f635	立川北
0	f637	高松
0	f639	立飛
0	f63b	泉体育館
0	f63d	砂川七番
0	f63f	玉川上水
0	f641	桜街道
0	f643	上北台
0	f701	大月
0	f716	富士山
0	f719	富士急ハイランド
0	f71a	河口湖
0	f901	千葉
0	f903	千葉公園
0	f905	作草部
0	f907	天台
0	f909	穴川
0	f90b	スポーツセンター
0	f90d	動物公園
0	f90f	みつわ台
0	f911	都賀
0	f913	桜木
0	f915	小倉台
0	f917	千城台北
0	f919	千城台
0	f941	千葉みなと
0	f941	千葉みなと
0	f943	市役所前
0	f945	千葉
0	f947	栄町
0	f949	葭川公園
0	f94b	県庁前
0	f94b	県庁前
0	fa01	モノレール浜松町
0	fa03	天王洲アイル
0	fa04	大井競馬場前
0	fa05	流通センター
0	fa06	昭和島
0	fa07	整備場
0	fa09	天空橋
0	fa0a	羽田空港第3ターミナル
0	fa0b	新整備場
0	fa0c	羽田空港第1ターミナル
0	fa0d	羽田空港第2ターミナル
0	fb01	大船
0	fb03	富士見町
0	fb05	湘南町屋
0	fb07	湘南深沢
0	fb09	西鎌倉
0	fb0b	片瀬山
0	fb0d	目白山下
0	fb0f	湘南江の島
0	fc01	ユーカリが丘
0	fd02	三島
0	fd04	三島広小路
0	fd06	三島田町
0	fd08	三島二日町
0	fd0a	大場
0	fd0c	伊豆仁田
0	fd0e	原木
0	fd10	韮山
0	fd12	伊豆長岡
0	fd14	田京
0	fd16	大仁
0	fd18	牧之郷
0	fd1a	修善寺
0	fe02	小田原
0	fe04	緑町
0	fe06	井細田
0	fe08	五百羅漢
0	fe0a	穴部
0	fe0c	飯田岡
0	fe0e	相模沼田
0	fe10	岩原
0	fe12	塚原
0	fe14	和田河原
0	fe16	富士フィルム前
0	fe18	大雄山
0	ff02	伊東
0	ff04	南伊東
0	ff06	川奈
0	ff08	富戸
0	ff09	城ヶ崎海岸
0	ff0a	伊豆高原
0	ff0c	伊豆大川
0	ff0e	伊豆北川
0	ff10	伊豆熱川
0	ff12	片瀬白田
0	ff14	伊豆稲取
0	ff16	今井浜海岸
0	ff18	河津
0	ff1a	稲梓
0	ff1c	蓮台寺
0	ff1e	伊豆急下田
1	8128	高畑
1	812a	八田
1	812c	岩塚
1	8130	中村公園
1	8132	中村日赤
1	8134	本陣
1	8136	亀島
1	813a	名古屋
1	813a	名古屋
1	813e	伏見
1	8142	栄
1	8146	新栄町
1	8148	千種
1	814a	今池
1	814c	池下
1	814e	覚王山
1	8152	本山
1	8154	東山公園
1	8158	星ヶ丘
1	815c	一社
1	8160	上社
1	8162	本郷
1	8166	藤が丘
1	820a	名古屋港
1	820c	築地口
1	820e	港区役所
1	8210	東海通
1	8214	六番町
1	8218	日比野
1	821c	金山
1	821e	東別院
1	8220	上前津
1	8222	矢場町
1	8224	栄
1	8226	久屋大通
1	8228	市役所
1	822c	名城公園
1	8230	黒川
1	8234	志賀本通
1	8236	平安通
1	8238	大曽根
1	831e	上小田井
1	8320	庄内緑地公園
1	8324	庄内通
1	8328	浄心
1	832a	浅間町
1	832c	丸の内
1	8330	伏見
1	8334	大須観音
1	8336	上前津
1	8338	鶴舞
1	833c	荒畑
1	833e	御器所
1	8342	川名
1	8344	いりなか
1	8348	八事
1	834c	塩釜口
1	8350	植田
1	8352	原
1	8354	平針
1	8358	赤池
1	8406	西高蔵
1	8408	神宮西
1	840c	伝馬町
1	8410	堀田
1	8412	妙音通
1	8414	新瑞橋
1	8416	瑞穂運動場東
1	841a	総合リハビリセンター
1	8420	八事日赤
1	8422	名古屋大学
1	8424	本山
1	8426	自由ヶ丘
1	8428	茶屋ケ坂
1	842a	砂田橋
1	842c	ナゴヤドーム前矢田
1	8532	上飯田
1	8632	中村区役所
1	8638	国際センター
1	8640	高岳
1	8644	車道
1	8646	今池
1	8648	吹上
1	864a	御器所
1	864e	桜山
1	8650	瑞穂区役所
1	8652	瑞穂運動場西
1	8654	新瑞橋
1	8656	桜本町
1	8658	鶴里
1	865a	野並
1	865c	鳴子北
1	865e	相生山
1	8662	神沢
1	8664	徳重
1	8c01	名古屋
1	8c04	ささしまライブ
1	8c08	小本
1	8c0a	小本
1	8c0d	荒子
1	8c10	南荒子
1	8c13	中島
1	8c16	名古屋競馬場前
1	8c19	荒子川公園
1	8c1c	稲永
1	8c1f	野跡
1	8c22	金城ふ頭
1	8f01	藤が丘
1	8f04	はなみずき通
1	8f07	杁ヶ池公園
1	8f0a	長久手古戦場
1	8f0d	芸大西
1	8f10	公園西
1	8f13	愛・地球博記念公園
1	8f16	陶磁資料館南
1	8f19	八草
1	a532	豊橋
1	a534	伊奈
1	a536	小田渕
1	a538	国府
1	a53a	御油
1	a53c	名電赤坂
1	a53e	名電長沢
1	a540	本宿
1	a542	名電山中
1	a544	藤川
1	a546	美合
1	a548	男川
1	a54a	東岡崎
1	a54c	岡崎公園前
1	a54e	矢作橋
1	a550	宇頭
1	a552	新安城
1	a554	牛田
1	a556	知立
1	a558	一ツ木
1	a55a	富士松
1	a55c	豊明
1	a55e	前後
1	a560	中京競馬場前
1	a562	有松
1	a564	左京山
1	a566	鳴海
1	a568	本星崎
1	a56a	本笠寺
1	a56c	桜
1	a56e	呼続
1	a570	堀田
1	a572	神宮前
1	a574	金山
1	a576	山王
1	a578	名鉄名古屋
1	a57a	栄生
1	a57c	東枇杷島
1	a57e	枇杷島分岐点
1	a580	西枇杷島
1	a582	二ツ杁
1	a584	新川橋
1	a586	須ヶ口
1	a588	丸ノ内
1	a58a	新清洲
1	a58c	大里
1	a58e	奥田
1	a590	国府宮
1	a592	島氏永
1	a594	妙興寺
1	a596	名鉄一宮
1	a598	今伊勢
1	a59a	石刀
1	a59c	新木曽川
1	a59e	黒田
1	a5a0	木曽川堤
1	a5a4	笠松
1	a5a6	岐南
1	a5a8	茶所
1	a5aa	加納
1	a5ac	名鉄岐阜
1	a608	国府
1	a60a	八幡
1	a610	諏訪町
1	a612	稲荷口
1	a614	豊川稲荷
1	a708	新安城
1	a70a	北安城
1	a70c	南安城
1	a70e	碧海古井
1	a710	堀内公園
1	a712	桜井
1	a713	南桜井
1	a714	米津
1	a716	桜町前
1	a718	西尾口
1	a71a	西尾
1	a71c	福地
1	a720	上横須賀
1	a724	吉良吉田
1	a726	三河鳥羽
1	a728	西幡豆
1	a72a	東幡豆
1	a72c	こどもの国
1	a72e	西浦
1	a730	形原
1	a732	三河鹿島
1	a734	蒲郡競艇場前
1	a736	蒲郡
1	a808	知立
1	a80a	重原
1	a80c	刈谷
1	a80e	刈谷市
1	a810	小垣江
1	a812	吉浜
1	a814	三河高浜
1	a816	高浜港
1	a818	北新川
1	a81a	新川町
1	a81c	碧南中央
1	a81e	碧南
1	a908	知立
1	a90a	三河知立
1	a90c	三河八橋
1	a90e	若林
1	a910	竹村
1	a912	土橋
1	a914	上拳母
1	a916	豊田市
1	a918	梅坪
1	a91a	越戸
1	a91c	平戸橋
1	a91e	猿投
1	ab08	梅坪
1	ab0a	上豊田
1	ab0c	浄水
1	ab0e	三好ヶ丘
1	ab10	黒笹
1	ab12	米野木
1	ab14	日進
1	ab16	赤池
1	ac08	神宮前
1	ac0a	豊田本町
1	ac0c	道徳
1	ac0e	大江
1	ac10	大同町
1	ac12	柴田
1	ac14	名和
1	ac16	聚楽園
1	ac18	新日鉄前
1	ac1a	太田川
1	ac1c	尾張横須賀
1	ac1e	寺本
1	ac20	朝倉
1	ac22	古見
1	ac24	長浦
1	ac26	日長
1	ac28	新舞子
1	ac2a	大野町
1	ac2c	西ノ口
1	ac2e	蒲池
1	ac30	榎戸
1	ac32	多屋
1	ac34	常滑
1	ac36	りんくう常滑
1	ac38	中部国際空港
1	ad08	大江
1	ad0a	東名古屋港
1	ae08	太田川
1	ae0a	高横須賀
1	ae0c	南加木屋
1	ae0e	八幡新田
1	ae10	巽ケ丘
1	ae12	白沢
1	ae14	坂部
1	ae15	阿久比
1	ae18	植大
1	ae1a	半田口
1	ae1c	住吉町
1	ae1e	知多半田
1	ae20	成岩
1	ae22	青山
1	ae24	上ゲ
1	ae26	知多武豊
1	ae28	富貴
1	ae2c	河和口
1	ae2e	河和
1	af08	富貴
1	af0a	上野間
1	af0b	美浜緑苑
1	af0c	知多奥田
1	af0e	野間
1	af12	内海
1	b008	須ヶ口
1	b00a	甚目寺
1	b00c	七宝
1	b00e	木田
1	b010	青塚
1	b012	勝幡
1	b014	藤浪
1	b016	津島
1	b108	名鉄一宮
1	b10a	観音寺
1	b10c	苅安賀
1	b10e	二子
1	b110	萩原
1	b112	玉野
1	b114	山崎
1	b116	森上
1	b118	上丸渕
1	b11a	丸渕
1	b11c	渕高
1	b11e	六輪
1	b120	町方
1	b122	津島
1	b124	日比野
1	b126	佐屋
1	b128	五ノ三
1	b12c	弥富
1	b208	名鉄一宮
1	b20a	西一宮
1	b20c	開明
1	b20e	奥町
1	b210	玉ノ井
1	b308	笠松
1	b30a	西笠松
1	b30c	柳津
1	b30e	南宿
1	b310	須賀
1	b312	不破一色
1	b314	竹鼻
1	b316	羽島市役所前
1	b317	江吉良
1	b408	江吉良
1	b40a	新羽島
1	b508	枇杷島分岐点
1	b50a	下小田井
1	b50c	中小田井
1	b50e	上小田井
1	b510	西春
1	b512	徳重・名古屋芸大
1	b514	大山寺
1	b516	岩倉
1	b518	石仏
1	b51a	布袋
1	b51c	江南
1	b51e	柏森
1	b520	扶桑
1	b522	木津用水
1	b524	犬山口
1	b526	犬山
1	b528	犬山遊園
1	b52a	新鵜沼
1	b608	犬山
1	b60a	富岡前
1	b60c	善師野
1	b60e	西可児
1	b610	可児川
1	b612	日本ライン今渡
1	b614	新可児
1	b618	明智
1	b61a	顔戸
1	b61c	御嵩口
1	b61e	御嵩
1	b808	犬山
1	b80a	羽黒
1	b80c	楽田
1	b80e	田県神社前
1	b810	味岡
1	b812	小牧原
1	b814	小牧
1	b816	小牧口
1	b818	間内
1	b81a	牛山
1	b81c	春日井
1	b81e	味美
1	b820	味鋺
1	b822	上飯田
1	b908	名鉄岐阜
1	b90a	田神
1	b90c	細畑
1	b90e	切通
1	b910	手力
1	b912	高田橋
1	b914	新加納
1	b916	新那加
1	b918	市民公園前
1	b91a	各務原市役所前
1	b91c	六軒
1	b91e	三柿野
1	b920	二十軒
1	b922	名電各務原
1	b924	苧ケ瀬
1	b926	羽場
1	b928	鵜沼宿
1	b92a	新鵜沼
1	ba0a	栄町
1	ba0e	東大手
1	ba12	清水
1	ba14	尼ケ坂
1	ba16	森下
1	ba18	大曽根
1	ba1a	矢田
1	ba1c	守山自衛隊前
1	ba1e	瓢箪山
1	ba20	小幡
1	ba22	喜多山
1	ba24	大森・金城学院前
1	ba25	印場
1	ba26	旭前
1	ba28	尾張旭
1	ba2a	三郷
1	ba2c	水野
1	ba2e	新瀬戸
1	ba30	瀬戸市役所前
1	ba32	尾張瀬戸
1	cd02	新豊橋
1	cd1e	三河田原
1	d501	新静岡
1	d503	日吉町
1	d505	音羽町
1	d507	春日町
1	d509	柚木
1	d50b	長沼
1	d50d	古庄
1	d50f	県総合運動場
1	d510	県立美術館前
1	d511	草薙
1	d515	御門台
1	d517	狐ケ崎
1	d519	桜橋
1	d51b	入江岡
1	d51d	新清水
2	8034	和歌山
2	8101	売店販売用
2	8115	江坂
2	8116	東三国
2	8117	新大阪
2	8118	西中島南方
2	811b	中津
2	811c	梅田
2	811f	淀屋橋
2	8121	本町
2	8123	心斎橋
2	8124	なんば
2	8125	大国町
2	8128	動物園前
2	812a	天王寺
2	812c	昭和町
2	812d	西田辺
2	812e	長居
2	812f	あびこ
2	8130	北花田
2	8131	新金岡
2	8132	なかもず
2	8187	全線定期
2	8212	大日
2	8214	守口
2	8215	太子橋今市
2	8216	千林大宮
2	8217	関目高殿
2	8218	野江内代
2	8219	都島
2	821a	天神橋筋六丁目
2	821b	中崎町
2	821c	東梅田
2	821e	南森町
2	8222	天満橋
2	8224	谷町四丁目
2	8226	谷町六丁目
2	8227	谷町九丁目
2	8228	四天王寺前夕陽ヶ丘
2	822a	天王寺
2	822c	阿倍野
2	822e	文の里
2	822f	田辺
2	8230	駒川中野
2	8231	平野
2	8232	喜連瓜破
2	8233	出戸
2	8234	長原
2	8235	八尾南
2	831c	西梅田
2	831e	肥後橋
2	8321	本町
2	8322	四ツ橋
2	8324	なんば
2	8325	大国町
2	8326	花園町
2	8327	岸里
2	8328	玉出
2	8329	北加賀屋
2	832a	住之江公園
2	8416	コスモスクエア
2	8417	大阪港
2	8418	朝潮橋
2	8419	弁天町
2	841d	九条
2	841f	阿波座
2	8421	本町
2	8422	堺筋本町
2	8424	谷町四丁目
2	8426	森ノ宮
2	8427	緑橋
2	8428	深江橋
2	8429	高井田
2	842b	長田
2	851b	野田阪神
2	851d	玉川
2	851f	阿波座
2	8521	西長堀
2	8523	桜川
2	8524	なんば
2	8525	日本橋
2	8527	谷町九丁目
2	8529	鶴橋
2	852a	今里
2	852b	新深江
2	852c	小路
2	852d	北巽
2	852e	南巽
2	861a	天神橋筋六丁目
2	861c	扇町
2	861e	南森町
2	8620	北浜
2	8622	堺筋本町
2	8624	長堀橋
2	8625	日本橋
2	8626	恵美須町
2	8628	動物園前
2	862a	天下茶屋
2	8707	門真南
2	8708	鶴見緑地
2	870a	横堤
2	870b	今福鶴見
2	870c	蒲生四丁目
2	870e	京橋
2	870f	大阪ビジネスパーク
2	8711	森ノ宮
2	8712	玉造
2	8714	谷町六丁目
2	8715	松屋町
2	8716	長堀橋
2	8717	心斎橋
2	8719	西大橋
2	871a	西長堀
2	871b	ドーム前千代崎
2	871c	大正
2	8807	井高野
2	8809	瑞光四丁目
2	880b	だいどう豊里
2	880d	太子橋今市
2	880f	清水
2	8811	新森古市
2	8813	関目成育
2	8815	蒲生四丁目
2	8817	鴫野
2	8819	緑橋
2	881b	今里
2	8a93	国際会館
2	8a95	松ヶ崎
2	8a97	北山
2	8a98	北山
2	8a99	北大路
2	8a9a	鞍馬口
2	8a9c	今出川
2	8a9e	丸太町
2	8a9f	烏丸御池
2	8aa1	四条
2	8aa3	五条
2	8aa5	京都
2	8aa7	九条
2	8aa8	十条
2	8aa9	くいな橋
2	8aaa	竹田
2	8b93	六地蔵
2	8b95	石田
2	8b97	醍醐
2	8b99	小野
2	8b9b	椥辻
2	8b9d	東野
2	8b9f	山科
2	8ba1	御陵
2	8ba3	蹴上
2	8ba5	東山
2	8ba6	三条京阪
2	8ba7	京都市役所前
2	8bab	二条城前
2	8bac	二条
2	8bae	西大路御池
2	8bb0	太秦天神川
2	8c16	コスモスクエア
2	8c1a	トレードセンター前
2	8c1c	中ふ頭
2	8c1e	ポートタウン西
2	8c20	ポートタウン東
2	8c22	フェリーターミナル
2	8c24	南港東
2	8c26	南港口
2	8c28	平林
2	8c2a	住之江公園
2	8f43	阪神三宮
2	8f44	元町
2	8f46	西元町
2	8f48	高速神戸
2	8f49	新開地
2	8f4b	大開
2	8f4d	高速長田
2	8f4f	西代
2	9044	阪急三宮
2	9046	花隈
2	9048	高速神戸
2	9049	新開地
2	914f	湊川
2	9301	梅田
2	9303	福島
2	9305	野田
2	9307	淀川
2	9309	姫島
2	930b	千船
2	930d	杭瀬
2	930f	大物
2	9311	尼崎
2	9313	出屋敷
2	9315	尼崎センタープール前
2	9317	武庫川
2	9319	鳴尾・武庫川女子大前
2	931b	甲子園
2	931d	久寿川
2	931e	今津
2	9321	西宮
2	9323	香櫨園
2	9325	打出
2	9327	芦屋
2	9329	深江
2	932b	青木
2	932d	魚崎
2	932f	住吉
2	9330	御影
2	9332	石屋川
2	9334	新在家
2	9336	大石
2	9337	西灘
2	9338	岩屋
2	933a	春日野道
2	933c	三宮
2	933e	元町
2	9401	大阪難波
2	9403	桜川
2	9404	桜川
2	9404	ドーム前
2	9405	九条
2	9407	西九条
2	9408	千鳥橋
2	9409	伝法
2	940b	福
2	940d	出来島
2	9519	東鳴尾
2	951a	洲先
2	951b	武庫川団地前
2	9d01	大阪梅田
2	9d03	中津
2	9d05	十三
2	9d07	神崎川
2	9d0a	園田
2	9d0d	塚口
2	9d0f	武庫之荘
2	9d12	西宮北口
2	9d14	夙川
2	9d16	芦屋川
2	9d18	岡本
2	9d1a	御影
2	9d1c	六甲
2	9d1e	王子公園
2	9d20	春日野道
2	9d22	三宮
2	9d22	神戸三宮
2	9e01	大阪梅田
2	9e03	中津
2	9e05	十三
2	9e07	三国
2	9e09	庄内
2	9e0b	服部
2	9e0b	服部天神
2	9e0d	曽根
2	9e0f	岡町
2	9e11	豊中
2	9e13	蛍池
2	9e15	石橋
2	9e17	池田
2	9e19	川西能勢口
2	9e1b	雲雀丘花屋敷
2	9e1d	山本
2	9e1f	中山
2	9e1f	中山観音
2	9e21	売布神社
2	9e23	清荒神
2	9e25	宝塚
2	9f01	梅田
2	9f05	十三
2	9f07	南方
2	9f09	崇禅寺
2	9f0b	淡路
2	9f0d	上新庄
2	9f0f	相川
2	9f11	正雀
2	9f12	摂津市
2	9f14	南茨木
2	9f16	茨木市
2	9f18	総持寺
2	9f1a	富田
2	9f1d	高槻市
2	9f20	上牧
2	9f22	水無瀬
2	9f24	大山崎
2	9f26	西山天王山
2	9f27	長岡天神
2	9f29	西向日
2	9f2b	東向日
2	9f2c	洛西口
2	9f2d	桂
2	9f2d	桂
2	9f2f	西京極
2	9f31	西院
2	9f33	大宮
2	9f35	烏丸
2	9f37	河原町
2	a00d	塚口
2	a00f	稲野
2	a011	新伊丹
2	a013	伊丹
2	a10e	今津
2	a110	阪神国道
2	a112	西宮北口
2	a114	門戸厄神
2	a116	甲東園
2	a118	仁川
2	a11a	小林
2	a11c	逆瀬川
2	a11e	宝塚南口
2	a120	宝塚
2	a214	夙川
2	a216	苦楽園口
2	a218	甲陽園
2	a315	石橋
2	a317	桜井
2	a319	牧落
2	a31b	箕面
2	a407	天神橋筋六丁目
2	a409	柴島
2	a40b	淡路
2	a40d	下新庄
2	a40f	吹田
2	a411	豊津
2	a413	関大前
2	a415	千里山
2	a417	南千里
2	a419	山田
2	a41b	北千里
2	a52d	桂
2	a52f	上桂
2	a531	松尾
2	a531	松尾大社
2	a533	嵐山
2	ab01	大阪空港
2	ab03	蛍池
2	ab05	柴原阪大前
2	ab07	少路
2	ab09	千里中央
2	ab0b	山田
2	ab0d	万博記念公園
2	ab0f	宇野辺
2	ab11	南茨木
2	ab13	沢良宜
2	ab15	摂津
2	ab17	南摂津
2	ab19	大日
2	ab1b	門真市
2	ac0f	公園東口
2	ac11	阪大病院前
2	ac13	豊川
2	ac15	彩都西
2	ad19	川西能勢口
2	ad1b	絹延橋
2	ad1d	滝山
2	ad1f	鶯の森
2	ad21	鼓滝
2	ad23	多田
2	ad25	平野
2	ad27	一の鳥居
2	ad29	畦野
2	ad2b	山下
2	ad2d	笹部
2	ad2f	光風台
2	ad30	ときわ台
2	ad32	妙見口
2	ae2b	山下
2	ae2f	日生中央
2	b101	難波
2	b103	今宮戎
2	b105	新今宮
2	b107	萩ノ茶屋
2	b109	天下茶屋
2	b10b	岸里玉出
2	b10f	粉浜
2	b111	住吉大社
2	b113	住ノ江
2	b115	七道
2	b117	堺
2	b119	湊
2	b11b	石津川
2	b11d	諏訪ノ森
2	b11f	浜寺公園
2	b121	羽衣
2	b123	高石
2	b125	北助松
2	b127	松ノ浜
2	b129	泉大津
2	b12b	忠岡
2	b12d	春木
2	b12f	和泉大宮
2	b131	岸和田
2	b133	蛸地蔵
2	b135	貝塚
2	b137	二色浜
2	b139	鶴原
2	b13b	井原里
2	b13d	泉佐野
2	b13f	羽倉崎
2	b141	吉見ノ里
2	b143	岡田浦
2	b145	樽井
2	b147	尾崎
2	b149	鳥取ノ荘
2	b14b	箱作
2	b14d	淡輪
2	b14f	みさき公園
2	b151	孝子
2	b152	和歌山大学前
2	b153	紀ノ川
2	b155	和歌山市
2	b15d	和歌山港
2	b201	汐見橋
2	b203	芦原町
2	b205	木津川
2	b207	津守
2	b209	西天下茶屋
2	b20b	岸里玉出
2	b20d	帝塚山
2	b20f	住吉東
2	b211	沢ノ町
2	b213	我孫子前
2	b215	浅香山
2	b217	堺東
2	b219	三国ヶ丘
2	b21b	百舌鳥八幡
2	b21d	中百舌鳥
2	b21f	白鷺
2	b221	初芝
2	b223	萩原天神
2	b225	北野田
2	b227	狭山
2	b229	大阪狭山市
2	b22b	金剛
2	b22d	滝谷
2	b22f	千代田
2	b231	河内長野
2	b233	三日市町
2	b234	美加の台
2	b235	千早口
2	b237	天見
2	b239	紀見峠
2	b23a	林間田園都市
2	b23b	御幸辻
2	b23d	橋本
2	b23f	紀伊清水
2	b241	学文路
2	b243	九度山
2	b245	高野下
2	b247	下古沢
2	b249	上古沢
2	b24b	紀伊細川
2	b24d	紀伊神谷
2	b24f	極楽橋
2	b251	高野山
2	b455	東松江
2	b457	中松江
2	b459	八幡前
2	b45b	西ノ庄
2	b45d	二里ヶ浜
2	b45f	磯ノ浦
2	b461	加太
2	b551	深日町
2	b553	深日港
2	b555	多奈川
2	b623	伽羅橋
2	b625	高師浜
2	b703	りんくうタウン
2	b705	関西空港
2	b801	恵美須町
2	b815	東粉浜
2	b817	住吉
2	b819	住吉鳥居前
2	b81f	我孫子道
2	b829	妙国寺前
2	b82b	花田口
2	b833	御陵前
2	b839	船尾
2	b83d	浜寺駅前
2	b907	天王寺駅前
2	b915	帝塚山四丁目
2	b917	神ノ木
2	ba1d	中百舌鳥
2	ba67	深井
2	ba6b	泉ヶ丘
2	ba6d	栂・美木多
2	ba6f	光明池
2	ba71	和泉中央
2	c201	貝塚
2	c205	貝塚市役所前
2	c207	近義の里
2	c209	石才
2	c20b	清児
2	c20d	名越
2	c20f	森
2	c211	三ツ松
2	c213	三ヶ山口
2	c215	水間観音
2	c502	淀屋橋
2	c504	北浜
2	c506	天満橋
2	c508	京橋
2	c50c	野江
2	c50e	関目
2	c510	森小路
2	c512	千林
2	c514	滝井
2	c516	土居
2	c518	守口市
2	c51a	西三荘
2	c51c	門真市
2	c51e	古川橋
2	c520	大和田
2	c522	萱島
2	c524	寝屋川市
2	c526	香里園
2	c528	光善寺
2	c52a	枚方公園
2	c52c	枚方市
2	c530	御殿山
2	c532	牧野
2	c534	樟葉
2	c536	橋本
2	c538	八幡市
2	c53a	淀
2	c53c	中書島
2	c540	伏見桃山
2	c542	丹波橋
2	c544	墨染
2	c546	藤森
2	c548	深草
2	c54c	伏見稲荷
2	c54e	鳥羽街道
2	c550	東福寺
2	c552	七条
2	c554	五条
2	c554	清水五条
2	c556	祇園四条
2	c556	四条
2	c558	三条
2	c55a	丸太町
2	c55a	神宮丸太町
2	c55c	出町柳
2	c5c2	八幡市
2	c5ca	なにわ橋
2	c5cc	大江橋
2	c5ce	渡辺橋
2	c5d0	中之島
2	c664	宮之阪
2	c666	星ヶ丘
2	c668	村野
2	c66a	郡津
2	c66c	交野市
2	c66e	河内森
2	c670	私市
2	c772	観月橋
2	c774	桃山南口
2	c776	六地蔵
2	c778	木幡
2	c77a	黄檗
2	c77c	三室戸
2	c77e	宇治
2	c88a	御陵
2	c88c	京阪山科
2	c88e	四宮
2	c890	追分
2	c892	大谷
2	c896	上栄町
2	c998	浜大津
2	c99a	島ノ関
2	c99c	石場
2	c99e	京阪膳所
2	c9a0	錦
2	c9a2	膳所本町
2	c9a4	中ノ庄
2	c9a6	瓦ヶ浜
2	c9a8	粟津
2	c9aa	京阪石山
2	c9ac	唐橋前
2	c9ae	石山寺
2	c9b0	三井寺
2	c9b2	別所
2	c9b4	皇子山
2	c9b6	近江神宮前
2	c9b8	南滋賀
2	c9ba	滋賀里
2	c9be	穴太
2	c9c0	松ノ馬場
2	c9c2	坂本
2	ce01	近鉄富田
2	d101	出町柳
2	d104	一乗寺
2	d44f	湊川
2	d452	長田
2	d454	丸山
2	d456	鵯越
2	d45a	鈴蘭台
2	d45c	北鈴蘭台
2	d45e	山の街
2	d460	箕谷
2	d462	谷上
2	d464	花山
2	d466	大池
2	d468	神鉄六甲
2	d46a	唐櫃台
2	d46c	有馬口
2	d470	有馬温泉
2	d56e	五社
2	d572	岡場
2	d574	田尾寺
2	d576	二郎
2	d578	道場南口
2	d57c	神鉄道場
2	d57e	横山
2	d580	三田本町
2	d582	三田
2	d584	フラワータウン
2	d586	南ウッディタウン
2	d588	ウッディタウン中央
2	d65a	鈴蘭台
2	d65c	鈴蘭台西口
2	d65d	西鈴蘭台
2	d65f	藍那
2	d662	木津
2	d664	木幡
2	d666	栄
2	d668	押部谷
2	d66a	緑が丘
2	d66c	広野ゴルフ場前
2	d66e	志染
2	d670	恵比須
2	d672	三木上の丸
2	d674	三木
2	d676	大村
2	d678	樫山
2	d67a	市場
2	d67c	小野
2	d67e	葉多
2	d680	粟生
2	d760	新神戸
2	d762	谷上
2	d950	西代
2	d952	板宿
2	d954	東須磨
2	d956	月見山
2	d958	須磨寺
2	d959	山陽須磨
2	d95b	須磨浦公園
2	d95d	山陽塩屋
2	d95f	滝の茶屋
2	d961	東垂水
2	d963	山陽垂水
2	d965	霞ヶ丘
2	d967	舞子公園
2	d969	西舞子
2	d96b	大蔵谷
2	d96c	人丸前
2	d96e	山陽明石
2	d970	西新町
2	d972	林崎松江海岸
2	d974	藤江
2	d976	中八木
2	d978	江井ヶ島
2	d97a	西江井ヶ島
2	d97c	山陽魚住
2	d97e	東二見
2	d97f	西二見
2	d980	播磨町
2	d982	別府
2	d984	浜の宮
2	d986	尾上の松
2	d988	高砂
2	d98a	荒井
2	d98c	伊保
2	d98e	山陽曽根
2	d990	大塩
2	d992	的形
2	d994	八家
2	d996	白浜の宮
2	d998	妻鹿
2	d99a	飾磨
2	d99c	亀山
2	d99e	手柄
2	d9a0	山陽姫路
2	da9c	西飾磨
2	da9e	夢前川
2	daa0	広畑
2	daa2	山陽天満
2	daa4	平松
2	daa6	山陽網干
2	de01	江坂
2	de02	緑地公園
2	de04	桃山台
2	de05	千里中央
2	e301	大阪阿部野橋
2	e302	河堀口
2	e303	北田辺
2	e304	今川
2	e305	針中野
2	e306	矢田
2	e308	河内天美
2	e309	布忍
2	e30a	高見ノ里
2	e30b	河内松原
2	e30d	恵我ノ荘
2	e30e	高鷲
2	e30f	藤井寺
2	e311	土師ノ里
2	e312	道明寺
2	e314	古市
2	e316	駒ヶ谷
2	e318	上ノ太子
2	e31c	二上山
2	e31d	二上神社口
2	e31f	当麻寺
2	e320	磐城
2	e321	尺土
2	e323	高田市
2	e324	浮孔
2	e325	坊城
2	e327	橿原神宮西口
2	e328	橿原神宮前
2	e329	岡寺
2	e32a	飛鳥
2	e32c	壺阪山
2	e32e	市尾
2	e330	葛
2	e332	吉野口
2	e334	薬水
2	e336	福神
2	e338	大阿太
2	e33a	下市口
2	e33c	越部
2	e33e	六田
2	e340	大和上市
2	e341	吉野神宮
2	e342	吉野
2	e403	柏原南口
2	e404	柏原
2	e504	喜志
2	e506	富田林
2	e507	富田林西口
2	e508	川西
2	e509	滝谷不動
2	e50b	汐ノ宮
2	e50d	河内長野
2	e603	近鉄新庄
2	e604	忍海
2	e605	近鉄御所
2	e701	近鉄難波
2	e701	大阪難波
2	e701	大阪難波
2	e702	近鉄日本橋
2	e703	上本町
2	e703	大阪上本町
2	e703	大阪上本町
2	e704	鶴橋
2	e706	今里
2	e707	布施
2	e708	俊徳道
2	e709	長瀬
2	e70a	弥刀
2	e70b	久宝寺口
2	e70c	近鉄八尾
2	e70e	河内山本
2	e70f	高安
2	e710	恩智
2	e711	法善寺
2	e712	堅下
2	e713	安堂
2	e715	河内国分
2	e716	大阪教育大前
2	e718	関屋
2	e71a	二上
2	e71b	近鉄下田
2	e71c	五位堂
2	e71e	築山
2	e71f	大和高田
2	e721	松塚
2	e722	真菅
2	e724	大和八木
2	e726	耳成
2	e727	大福
2	e728	桜井
2	e72a	大和朝倉
2	e72d	長谷寺
2	e730	榛原
2	e735	室生口大野
2	e737	三本松
2	e73a	赤目口
2	e73d	名張
2	e73f	桔梗が丘
2	e742	美旗
2	e744	伊賀神戸
2	e746	青山町
2	e748	伊賀上津
2	e74c	西青山
2	e74f	東青山
2	e754	榊原温泉口
2	e756	大三
2	e759	伊勢石橋
2	e75b	川合高岡
2	e807	布施
2	e808	河内永和
2	e809	河内小阪
2	e80a	八戸ノ里
2	e80c	若江岩田
2	e80d	河内花園
2	e80e	東花園
2	e80f	瓢箪山
2	e810	枚岡
2	e811	額田
2	e812	石切
2	e814	生駒
2	e815	東生駒
2	e817	富雄
2	e818	学園前
2	e819	菖蒲池
2	e81b	大和西大寺
2	e81d	新大宮
2	e81f	近鉄奈良
2	e901	京都
2	e902	東寺
2	e903	十条
2	e904	上鳥羽口
2	e905	竹田
2	e906	伏見
2	e907	近鉄丹波橋
2	e908	桃山御陵前
2	e90a	向島
2	e90c	小倉
2	e90d	伊勢田
2	e90e	大久保
2	e90f	久津川
2	e910	寺田
2	e911	富野荘
2	e913	新田辺
2	e914	興戸
2	e915	三山木
2	e916	近鉄宮津
2	e917	狛田
2	e919	新祝園
2	e91a	木津川台
2	e91b	山田川
2	e91c	高の原
2	e91e	平城
2	e91f	大和西大寺
2	e921	尼ヶ辻
2	e922	西ノ京
2	e923	九条
2	e924	近鉄郡山
2	e926	筒井
2	e927	平端
2	e928	ファミリー公園前
2	e929	結崎
2	e92a	石見
2	e92c	田原本
2	e92d	笠縫
2	e92f	新ノ口
2	e930	大和八木
2	e931	八木西口
2	e933	畝傍御陵前
2	ea01	生駒
2	ea02	菜畑
2	ea03	一分
2	ea04	南生駒
2	ea05	萩の台
2	ea06	東山
2	ea07	元山上口
2	ea08	平群
2	ea09	竜田川
2	ea0a	勢野北口
2	ea0d	信貴山下
2	ea0e	王寺
2	ea0f	新王寺
2	ea11	大輪田
2	ea12	佐味田川
2	ea13	池部
2	ea15	箸尾
2	ea16	但馬
2	ea17	黒田
2	ea19	西田原本
2	eb06	生駒山上
2	ec02	二階堂
2	ec04	前栽
2	ec05	天理
2	ed03	服部川
2	ed04	信貴山口
2	ed06	高安山
2	ee0b	茅町
2	ee0c	広小路
2	ee0d	上野市
2	ee11	伊賀上野
2	ef01	近鉄名古屋
2	ef02	米野
2	ef03	黄金
2	ef04	烏森
2	ef05	近鉄八田
2	ef07	伏屋
2	ef09	戸田
2	ef0a	近鉄蟹江
2	ef0c	富吉
2	ef0e	佐古木
2	ef10	近鉄弥富
2	ef13	近鉄長島
2	ef16	桑名
2	ef17	益生
2	ef19	伊勢朝日
2	ef1b	富洲原
2	ef1b	川越富洲原
2	ef1d	近鉄富田
2	ef1f	霞ヶ浦
2	ef20	阿倉川
2	ef21	川原町
2	ef22	近鉄四日市
2	ef23	新正
2	ef24	海山道
2	ef25	塩浜
2	ef27	北楠
2	ef29	楠
2	ef2a	長太ノ浦
2	ef2b	箕田
2	ef2c	伊勢若松
2	ef2e	千代崎
2	ef30	白子
2	ef30	白子
2	ef31	鼓ヶ浦
2	ef33	磯山
2	ef35	千里
2	ef37	豊津上野
2	ef39	白塚
2	ef3b	高田本山
2	ef3c	江戸橋
2	ef3d	津
2	ef3f	津新町
2	ef41	南が丘
2	ef43	久居
2	ef44	桃園
2	ef47	伊勢中川
2	ef49	伊勢中原
2	ef4b	松ヶ崎
2	ef4d	松阪
2	ef4f	東松阪
2	ef52	櫛田
2	ef54	漕代
2	ef55	斎宮
2	ef57	明星
2	ef59	明野
2	ef5b	小俣
2	ef5d	宮町
2	ef5e	伊勢市
2	ef5f	宇治山田
2	ef61	五十鈴川
2	ef63	朝熊
2	ef67	池の浦
2	ef69	鳥羽
2	ef6a	中之郷
2	ef6b	志摩赤崎
2	ef78	志摩磯部
2	ef7d	鵜方
2	ef81	賢島
2	f003	柳
2	f005	鈴鹿市
2	f007	三日市
2	f009	平田町
2	f102	赤堀
2	f106	日永
2	f107	南日永
2	f108	泊
2	f109	追分
2	f10a	小古曽
2	f10b	内部
2	f141	西日野
2	f203	中川原
2	f204	伊勢松本
2	f206	伊勢川島
2	f207	高角
2	f209	桜
2	f20b	菰野
2	f20c	中菰野
2	f20d	大羽根園
2	f20f	湯の山温泉
2	f405	下深谷
2	f409	多度
2	f413	駒野
2	f419	養老
2	f41b	美濃高田
2	f423	西大垣
2	f425	大垣
2	f432	揖斐
2	f802	長田
2	f804	荒本
2	f806	吉田
2	f808	新石切
2	f80a	生駒
2	f80c	白庭台
2	f80e	学研北生駒
2	f810	学研奈良登美ヶ丘
2	faa5	西神中央
2	faa7	西神南
2	faa9	伊川谷
2	faaa	学園都市
2	faad	総合運動公園
2	faaf	名谷
2	fab1	妙法寺
2	fab3	板宿
2	fab4	新長田
2	fab5	長田
2	fab7	上沢
2	fab9	湊川公園
2	fabb	大倉山
2	fabd	県庁前
2	fabe	三宮
2	fabf	新神戸
2	fbca	駒ヶ林
2	fbcc	苅藻
2	fbce	御崎公園
2	fbd0	和田岬
2	fbd2	中央市場前
2	fbd4	ハーバーランド
2	fbd6	みなと元町
2	fbd8	旧居留地・大丸前
2	fbd9	三宮・花時計前
2	fea1	住吉
2	fea3	魚崎
2	fea5	南魚崎
2	fea7	アイランド北口
2	fea9	アイランドセンター
2	feab	マリンパーク
2	ffb5	三宮
2	ffb7	貿易センター
2	ffb9	ポートターミナル
2	ffbb	中公園
2	ffbd	市民病院前
2	ffbd	みなとじま
2	ffbf	市民広場
2	ffc1	南公園
2	ffc3	中埠頭
2	ffc5	北埠頭
2	ffc7	先端医療センター前
2	ffc7	医療センター
2	ffc9	京コンピュータ前
2	ffc9	ポートアイランド南
2	ffcb	神戸空港
3	2841	川西
3	2d81	槻木
3	2d83	東船岡
3	2d85	岡
3	2d87	横倉
3	2d89	角田
3	2d8b	南角田
3	2d8d	北丸森
3	2d8f	丸森
3	2d91	あぶくま
3	2d93	兜
3	2d95	富野
3	2d97	やながわ希望の森公園前
3	2d99	梁川
3	2d9b	新田
3	2d9d	二井田
3	2d9f	大泉
3	2da1	保原
3	2da3	上保原
3	2da5	高子
3	2da7	向瀬上
3	2da9	瀬上
3	2daa	福島学院前
3	2dab	卸町
3	2dad	福島
3	8601	勝田
3	8634	麻生
3	8636	北34条
3	863e	さっぽろ
3	8640	大通
3	8642	すすきの
3	8644	中島公園
3	874c	南郷13丁目
3	8754	新さっぽろ
3	8832	栄町
3	8834	新道東
3	8842	豊水すすきの
3	8901	石岡
3	8b01	名取
3	8b03	杜せきのした
3	8b05	美田園
3	8b07	仙台空港
3	8c0e	泉中央
3	8c0e	泉中央
3	8c10	八乙女
3	8c16	台原
3	8c18	北仙台
3	8c1a	北四番丁
3	8c1c	勾当台公園
3	8c1e	広瀬通
3	8c20	仙台
3	8c2a	長町
3	8d14	八木山動物公園
3	8d16	青葉山
3	8d16	青葉山
3	8d16	青葉山
3	8d1e	青葉通一番町
3	8d22	宮城野
3	8e01	五井
3	9101	高崎
3	910d	吉井
3	9113	上州富岡
3	911f	下仁田
3	9141	六日町
3	9146	しんざ
3	9148	十日町
3	9154	犀潟
3	9181	軽井沢
3	9183	中軽井沢
3	9185	信濃追分
3	9187	御代田
3	9189	平原
3	918b	小諸
3	918d	滋野
3	918f	田中
3	9191	大屋
3	9192	信濃国分寺
3	9193	上田
3	9195	西上田
3	9196	テクノさかき
3	9197	坂城
3	9199	戸倉
3	919b	屋代
3	919c	屋代高校前
3	919d	篠ノ井
3	ad11	新藤原
3	b501	総社
3	b503	清音
3	b505	川辺宿
3	b507	吉備真備
3	b509	備中呉妹
3	b50b	三谷
3	b50d	矢掛
3	b50f	小田
3	b511	早雲の里荏原
3	b513	井原
3	b515	いずえ
3	b517	子守唄の里高屋
3	b519	御領
3	b51b	湯野
3	b51d	神辺
3	bc18	郵便局前
3	be15	本通
3	be17	県庁前
3	be19	城北
3	be1d	白島
3	be1f	牛田
3	be21	不動院前
3	be21	不動院前
3	be23	祇園新橋北
3	be25	西原
3	be27	中筋
3	be29	古市
3	be2b	大町
3	be2d	毘沙門台
3	be2f	安東
3	be31	上安
3	be33	高取
3	be35	長楽寺
3	be37	伴
3	be39	大原
3	be3b	伴中央
3	be3f	大塚
3	be41	広域公園前
3	c012	恋山形
3	c014	智頭
3	c101	福知山
3	c103	厚中問屋
3	c105	荒河かしの木台
3	c107	牧
3	c109	下天津
3	c10b	公庄
3	c10d	大江
3	c201	貝塚
3	c215	水間
3	c301	高松築港
3	c303	片原町
3	c305	瓦町
3	c307	栗林公園
3	c309	三条
3	c30d	太田
3	c30f	仏生山
3	c311	空港通り
3	c313	一宮
3	c315	円座
3	c317	岡本
3	c319	挿頭丘
3	c31b	畑田
3	c31d	陶
3	c31e	綾川
3	c31f	滝宮
3	c321	羽床
3	c323	栗熊
3	c325	岡田
3	c327	羽間
3	c329	榎井
3	c32b	琴電琴平
3	c343	花園
3	c347	林道
3	c349	木田東口
3	c34b	元山
3	c34d	水田
3	c34f	西前田
3	c351	高田
3	c353	池戸
3	c355	農学部前
3	c357	平木
3	c359	学園通り
3	c35b	白山
3	c35d	井戸
3	c35f	公文明
3	c361	長尾
3	c383	今橋
3	c385	松島二丁目
3	c387	沖松島
3	c389	春日川
3	c38d	潟元
3	c38f	琴電屋島
3	c391	古高松
3	c393	八栗
3	c395	六万寺
3	c397	大町
3	c399	八栗新道
3	c39b	塩屋
3	c39d	房前
3	c39f	原
3	c3a1	志度
3	c3e1	琴電車掌端末
3	c3e2	琴電本社
3	c3e3	瓦事務
3	c3ea	築港営業所
3	cb01	大垣
3	cb03	東大垣
3	cb05	横屋
3	cb07	十九条
3	cb09	美江寺
3	cb0b	北方真桑
3	cb0c	モレラ岐阜
3	cb0d	糸貫
3	cb0f	本巣
3	cb10	織部
3	cb11	木知原
3	d63f	西鉄新宮
3	d641	三苫
3	d643	和白
3	d645	唐の原
3	d647	香椎花園前
3	d649	西鉄香椎
3	d64b	香椎宮前
3	d64d	西鉄千早
3	d64f	名島
3	d651	貝塚
3	d765	西鉄福岡(天神)
3	d767	薬院
3	d769	西鉄平尾
3	d76b	高宮
3	d76d	大橋
3	d76f	井尻
3	d770	井尻
3	d771	雑餉隈
3	d773	春日原
3	d775	白木原
3	d777	下大利
3	d779	都府楼前
3	d77b	西鉄二日市
3	d77c	二日市南
3	d77c	紫
3	d77d	朝倉街道
3	d77f	桜台
3	d781	筑紫
3	d783	津古
3	d784	三国が丘
3	d785	三沢
3	d787	大保
3	d789	西鉄小郡
3	d78b	端間
3	d78d	味坂
3	d78f	宮の陣
3	d791	櫛原
3	d793	西鉄久留米
3	d795	花畑
3	d797	試験場前
3	d799	津福
3	d79b	安武
3	d79d	大善寺
3	d7ab	西鉄柳川
3	d7b9	倉永
3	d7bb	東甘木
3	d7bd	西鉄銀水
3	d7bf	新栄町
3	d7c1	大牟田
3	d802	五条
3	d804	太宰府
3	d901	宮の陣
3	d902	五郎丸
3	d908	北野
3	d916	甘木
3	dd01	諫早
3	e601	小倉
3	e602	平和通
3	e603	旦過
3	e605	香春口三萩野
3	e607	片野
3	e609	城野
3	e60b	北方
3	e60d	競馬場前
3	e60f	守恒
3	e611	徳力公団前
3	e613	徳力嵐山口
3	e615	志井
3	e617	企救丘
3	e701	姪浜
3	e703	室見
3	e705	藤崎
3	e707	西新
3	e709	唐人町
3	e70b	大濠公園
3	e70d	赤坂
3	e70f	天神
3	e711	中洲川端
3	e713	祇園
3	e715	博多
3	e717	東比恵
3	e719	福岡空港
3	e801	中洲川端
3	e803	呉服町
3	e805	千代県庁口
3	e807	馬出九大病院前
3	e809	箱崎宮前
3	e80b	箱崎九大前
3	e80d	貝塚
3	e901	橋本
3	e903	次郎丸
3	e905	賀茂
3	e907	野芥
3	e909	梅林
3	e90b	福大前
3	e90d	七隈
3	e90f	金山
3	e911	茶山
3	e913	別府
3	e915	六本松
3	e917	桜坂
3	e919	薬院大通
3	e91b	薬院
3	e91d	渡辺通
3	e91f	天神南